sharpness_mean,sharpness_var,temporal_diff_mean,temporal_diff_var,hf_energy_mean,hf_energy_var,channel_std_ratio,inter_channel_corr,face_detect_rate,face_area_var,face_flow_mean,face_flow_var,Spatial Risk,Temporal Risk,Color Risk,Face Risk,Metadata Risk,Suspicion Index,Confidence,label,risk_variance,risk_max,risk_min
199.69648726827424,6343.357657828581,122.45286123971194,50.30937642296163,0.2589092193435381,0.0003501069470387,0.9993364204202616,0.9363614473328664,1.0,41354550.12109375,10.556447982788086,93.8772430419922,0.47,0.621,0.401,0.365,0.439,0.475,0.333,1,0.009741199999999998,0.621,0.365
30.093242917915408,10.240508142944588,85.27259471450617,269.43112441371244,0.2502187741581377,3.666353630551653e-05,0.8083595150679599,0.8955115092553172,0.9375,253963492.56,4.352843761444092,17.606754302978516,0.39,0.341,0.375,0.307,0.311,0.347,0.0,1,0.0013852000000000003,0.39,0.307
91.72709532199514,861.5301377845618,81.97483902391974,1152.6302466495656,0.4061860864666115,0.0019024523183352,0.7458810073058311,0.8245937027984269,0.8125,135722260.1775148,5.410970687866211,30.826351165771484,0.697,0.369,0.586,0.298,0.314,0.462,0.333,0,0.03190669999999999,0.697,0.298
1.4816135859325188,0.0057597399208334,52.43123662551441,20.009053327381068,0.2881145606878892,1.2101351495778023e-05,0.6492521265807996,0.9898765303676564,0.75,1677043.409722222,0.3657645881175995,0.6685687899589539,0.365,0.455,0.613,0.348,0.357,0.42,0.333,1,0.012590800000000003,0.613,0.348
9.620867473335435,0.5623652222978086,83.41662625385803,379.1399152683361,0.2517091316069082,2.2148962432332708e-05,0.9581288430904352,0.9566069270469144,1.0,13325782.359375,4.870906352996826,35.41566467285156,0.408,0.331,0.405,0.37,0.336,0.368,0.0,1,0.0013364999999999991,0.408,0.331
46.38438434747823,12.806226806911088,74.78403189300411,236.32765192632843,0.2744533083090565,1.8036551696455502e-05,0.8692611003786637,0.9767805156682908,1.0,484843.27734375,4.219803333282471,5.022305488586426,0.345,0.403,0.389,0.373,0.314,0.364,0.0,1,0.001271200000000001,0.403,0.314
40.40088481654878,7.302860476136264,78.77808468364198,42.34643725165552,0.2734578165981389,2.1525442708924612e-05,0.8537345613396276,0.9698851828931352,1.0,2740479841.359375,5.590047359466553,26.50984764099121,0.35,0.342,0.386,0.679,0.343,0.401,0.333,1,0.021287500000000004,0.679,0.342
10.5676907875625,0.9076597047784374,80.94782362397117,45.09443478660983,0.2581494270596084,5.7329355826253166e-05,1.0577162324584382,0.9632502997000346,0.875,50723297.49489796,4.513016700744629,29.789499282836918,0.387,0.354,0.511,0.313,0.328,0.375,0.0,1,0.006267300000000001,0.511,0.313
107.85219430174064,56.421228915425935,96.10472071116256,162.27183808774038,0.2984837873465745,8.479990465076467e-05,0.993504941483653,0.9487365454649148,1.0,2821949.25,3.286311149597168,12.570355415344238,0.327,0.378,0.421,0.373,0.833,0.462,0.333,1,0.043106799999999994,0.833,0.327
174.38552280289562,715.8341664415323,75.51404250257202,592.5262357258895,0.4035720054238931,0.0001963998989786,0.8016610285215284,0.8491912830187265,1.0,18247853.4375,5.661261081695557,41.029544830322266,0.53,0.337,0.483,0.369,0.31,0.406,0.0,1,0.0091627,0.53,0.31
1.4871814092414586,0.0026353405490658,50.899755176183135,12.35731293348783,0.2885482930908203,7.31376591325905e-06,0.6498631754041088,0.9900845592921964,0.75,1871169.2430555555,0.3376483619213104,0.4746127128601074,0.366,0.457,0.613,0.348,0.358,0.421,0.333,1,0.0125523,0.613,0.348
172.91656003022894,75.67648207723565,111.62316595936214,34.194684399259195,0.2700827709540336,1.045458524025462e-05,1.029884522883967,0.8833212906124714,1.0,28586355.87109375,7.345828056335449,82.44844818115234,0.416,0.589,0.478,0.367,0.41,0.46,0.0,1,0.007432499999999999,0.589,0.367
8.58524659673746,1.7729624001726405,78.29357031250001,32.143524820911566,0.2560639241990083,6.559285288381432e-05,1.0458908530814677,0.9598172365554648,0.9375,6530160.782222222,1.7225825786590576,12.55168914794922,0.39,0.397,0.493,0.346,0.338,0.39,0.0,1,0.0038146999999999994,0.493,0.338
471.92329472840174,444.9020917784596,101.021102655607,34.27701081165558,0.3354108869166194,4.285696697076093e-05,1.160279417174218,0.9089397759614256,1.0,297660.71484375,5.227492809295654,8.750734329223633,0.599,0.414,0.534,0.373,0.383,0.466,0.0,0,0.0101023,0.599,0.373
10.33943985895803,0.6792472594974991,83.11155516975307,376.4325401384832,0.2564116094429154,2.6605002920223227e-05,0.9577919240276176,0.9565629635279642,1.0,29684935.27734375,5.662527084350586,30.75731658935547,0.399,0.312,0.405,0.367,0.335,0.36,0.0,1,0.0016148000000000009,0.405,0.312
149.71484189087397,839.8918205732446,76.57939088220165,1306.866087773194,0.4099834979910061,0.0003646381791815,0.8256183718991297,0.8275716245094479,1.0,439847618.25,6.523866653442383,45.79154968261719,0.563,0.46,0.508,0.368,0.32,0.451,0.0,1,0.009916199999999997,0.563,0.32
10.603545394653032,2.4023294669950164,79.60298675411522,24.335147352988745,0.2677194938762944,0.0001079390257953,1.0438588751226383,0.9599894748575448,0.875,22172015.265306123,2.608031272888184,13.629847526550291,0.359,0.393,0.492,0.319,0.333,0.376,0.0,1,0.0047702,0.492,0.319
36.31744729945959,3.366133179362437,94.4155648148148,2213.8249044840345,0.2595554833498952,2.5769801134412617e-05,0.7838614673630611,0.9440533540410916,1.0,486605956.99609375,7.432569980621338,49.13256072998047,0.373,0.604,0.39,0.377,0.585,0.476,0.333,0,0.013887699999999996,0.604,0.373
75.18114531692115,98.58323899193392,90.99709609696502,66.4611398637604,0.3439808102952584,0.0001651515769914,0.8417694384962304,0.8396340234798042,1.0,206990544.609375,3.8643240928649902,17.854351043701172,0.356,0.369,0.47,0.334,0.324,0.366,0.0,1,0.0034017999999999987,0.47,0.324
79.11022799152684,22.829555209157807,80.19579931841564,335.8432354255951,0.2905657251171952,3.3466999804716164e-05,0.8634958858190191,0.9530550056554123,1.0,31436880.24609375,2.324847936630249,6.07368278503418,0.309,0.384,0.342,0.367,0.312,0.342,0.0,1,0.0010937000000000002,0.384,0.309
57.35275056699687,85.54842055690253,138.04525144675924,2362.22871750686,0.2590351247903626,8.196093699186593e-05,0.8416952792915879,0.9647113091039996,0.875,20189483.025510203,3.8537464141845694,8.19326114654541,0.342,0.595,0.384,0.319,0.312,0.402,0.0,0,0.013872299999999997,0.595,0.312
222.7808782337985,7379.015842675916,119.44765117026752,63.10928642274887,0.2611256908526936,0.0004094966977675,1.0090858442067234,0.9359868202497378,1.0,80488724.65234375,10.911492347717283,83.93294525146484,0.504,0.59,0.409,0.357,0.437,0.476,0.0,1,0.008143300000000001,0.59,0.357
37.09990352362512,11.726896902199602,83.64017470421813,43.210589310728885,0.2659306564109078,2.289500126317696e-05,1.0601978801746057,0.9479994661207592,1.0,10149247.359375,5.853956699371338,27.648609161376957,0.364,0.346,0.481,0.371,0.338,0.373,0.0,1,0.003364499999999999,0.481,0.338
172.2881318038408,1109.0464491057755,80.24035439171811,455.75553734761127,0.4029377733956757,0.0003472428250419,0.8034106642077157,0.851203538187737,1.0,10229110.65234375,6.144342422485352,37.86531066894531,0.57,0.332,0.477,0.371,0.312,0.415,0.0,1,0.011817299999999994,0.57,0.312
452.9072720686338,146.27312895687254,103.5795980581276,34.404828157560175,0.3257442162273417,1.37429192709559e-05,1.1557848043770127,0.9227461961026988,1.0,591234.58984375,8.317841529846191,16.407472610473633,0.589,0.38,0.51,0.373,0.406,0.456,0.0,0,0.008918299999999997,0.589,0.373
21.172722785955152,141.36514848016174,114.68706754758227,754.1832376059755,0.214449851563345,0.0002348054800591,0.8609681672381533,0.9792679800462822,0.75,7103723.888888891,4.002786636352539,18.76293182373047,0.442,0.322,0.401,0.347,0.312,0.366,0.0,1,0.0030517000000000005,0.442,0.312
33.46326427134871,68.26366821054778,77.52622354038067,252.1219659371178,0.2982346449868949,0.0002254181370526,0.9396543193330776,0.9701477867868422,0.6875,916901170.4462808,6.673370361328125,71.15211486816406,0.327,0.514,0.418,0.472,0.319,0.408,0.0,0,0.007473499999999999,0.514,0.319
40.14753374783302,1.3999266164596853,76.76253591177984,66.23766913906984,0.2817453621983027,1.083332826621876e-05,0.8297184765201402,0.9681680457855218,1.0,1081248.484375,1.1207962036132812,2.001317024230957,0.342,0.442,0.402,0.373,0.337,0.379,0.0,1,0.0019166999999999995,0.442,0.337
3.0855984744672718,0.025965385654629,64.02325916280864,12.363522437579864,0.2772059314203329,9.95673222507706e-06,0.5966919120832698,0.951056669551292,0.6875,14252419.685950415,0.5828142166137695,1.474030375480652,0.379,0.452,0.567,0.372,0.34,0.417,0.0,1,0.008249499999999996,0.567,0.34
48.064897065531866,142.8735621258764,84.48520878343624,763.2221131566797,0.3423097826151727,0.0007286761390094,0.7016082409584234,0.8216313421162817,1.0,23452317.9375,6.151607036590576,51.00792694091797,0.528,0.406,0.633,0.368,0.316,0.447,0.333,1,0.0165472,0.633,0.316
16.631402554561937,1.8562233130809824,61.866277327674894,64.42710990983043,0.3845262865246003,4.45805895204585e-05,0.832006008947928,0.8736563223465681,1.0,1120732901.359375,2.199075222015381,21.247648239135746,0.486,0.355,0.403,0.514,0.319,0.411,0.0,1,0.0069502999999999995,0.514,0.319
40.44126014121194,5.719822173806678,75.42689811599794,19.21422434945661,0.2736834627735887,2.6540260951044064e-05,0.85369791170951,0.9700167605149675,1.0,2074895.77734375,4.121638774871826,19.8270206451416,0.348,0.367,0.386,0.373,0.347,0.362,0.0,1,0.0002797000000000005,0.386,0.347
11.321063382296698,43.55010082111873,101.1537098765432,1872.393297872544,0.2316162535353529,0.0005009824742408,0.9483957476412544,0.8488740687414362,0.8125,597620603.7869823,4.848323822021484,61.81190490722656,0.503,0.62,0.479,0.352,0.32,0.469,0.333,1,0.0147347,0.62,0.32
15.177327374823443,6.596185698546873,59.7033191550926,28.62646219410965,0.3736595072540764,0.0001520392807546,0.8454393293508827,0.8761924894108697,1.0,1311174453.234375,2.312391757965088,16.24846839904785,0.443,0.381,0.386,0.55,0.322,0.411,0.0,1,0.007411300000000003,0.55,0.322
108.0103878396973,18.987323339194848,100.65879494598768,1717.7457814639226,0.2954732997311893,4.3822467388843857e-05,1.0065501118942837,0.9464375920743888,1.0,30932994.90234375,4.973519325256348,25.697172164916992,0.334,0.436,0.428,0.367,0.831,0.478,0.333,1,0.040480699999999994,0.831,0.334
99.59011986152362,131.6340245805021,94.77477922453704,384.9971283276322,0.2904956362323297,0.0001965934442842,0.99623698074677,0.9487564679697424,0.875,86933716.77551019,3.509552001953125,17.944103240966797,0.3,0.324,0.423,0.306,0.835,0.432,0.333,1,0.05182429999999999,0.835,0.3
33.147294641418306,9.668604761920756,88.77671283436214,432.7234927019453,0.2515890643982349,8.527075624106223e-05,0.7867726018791712,0.9450208070883844,1.0,45556575.33984375,7.662694454193115,35.58460998535156,0.371,0.325,0.39,0.364,0.59,0.405,0.0,1,0.010910499999999997,0.59,0.325
11.300414167505096,44.773843616997965,101.48325102880658,1857.5598929865043,0.231128902340568,0.0004861441952848,0.9486978621621424,0.848173607088077,0.875,248604870.78061223,4.694826126098633,64.66998291015625,0.499,0.631,0.481,0.282,0.32,0.461,0.333,1,0.020243300000000006,0.631,0.282
30.33960625307857,38.68474508958582,129.9771328125,2488.48105798059,0.2491465464701563,0.0002425161327113,0.7909447796088385,0.9411644369322985,1.0,42834487.83984375,8.70069408416748,64.20001983642578,0.381,0.706,0.378,0.365,0.577,0.498,0.333,1,0.02347629999999999,0.706,0.365
42.33598856560712,3.453949955593627,85.26209850823047,60.03575642159064,0.2787662844755539,8.427897169424123e-06,0.8540081264268843,0.9700471364206876,1.0,3454167.4375,5.540567398071289,32.99701690673828,0.345,0.365,0.386,0.372,0.339,0.359,0.0,1,0.00037530000000000007,0.386,0.339
11.318114809290131,0.600885131550934,76.78276025591566,33.58629187677131,0.2622703290324256,2.4568146735753552e-05,0.9452785156880236,0.9603279559418574,0.9375,21035102.160000008,3.7961599826812735,24.84575080871582,0.39,0.345,0.402,0.343,0.34,0.363,0.0,1,0.0008745000000000003,0.402,0.34
1.505618306148025,0.007912882502096,52.17112496784979,30.22677576896884,0.2888640848810315,1.859784330318744e-05,0.6500236014403644,0.9901040378579788,0.0,0.0,0.0,0.0,0.362,0.457,0.613,0.619,0.357,0.461,0.667,1,0.0166448,0.619,0.357
129.07189067986343,761.4894400154647,84.77454365997941,1402.8762484627844,0.3960137635033052,0.0002389269230173,0.8388757718133408,0.8339280795388384,1.0,2129101975.7460935,7.28958797454834,61.72322845458984,0.493,0.55,0.484,0.651,0.316,0.494,0.333,1,0.014863700000000004,0.651,0.316
17.263579705174458,23.944176241174336,115.83658883101852,1576.5122581755595,0.253910615318917,0.0001820696174307,0.7677067373123045,0.8532487983222989,0.5,6852837.1875,5.906343936920166,25.18035888671875,0.368,0.417,0.505,0.456,0.313,0.403,0.0,0,0.0055867,0.505,0.313
429.6060171960261,302.90889536683903,105.33820453960904,25.84904084680608,0.3281547795090269,1.7620213780269502e-05,1.1523173800884647,0.9237253817464977,1.0,918401.109375,5.108888626098633,27.86710357666016,0.587,0.35,0.509,0.373,0.441,0.455,0.0,1,0.009559999999999999,0.587,0.35
257.3532267741079,56.25973073773925,96.60390120241767,57.256510575445446,0.3187396539221401,1.2102541466231276e-05,0.9820030390103016,0.954120823785713,0.875,285157583.9234694,2.0619447231292725,3.9797987937927246,0.5,0.434,0.421,0.289,0.328,0.405,0.0,1,0.007236300000000001,0.5,0.289
11.100170637256412,0.3233553708979598,81.64365084876542,253.45104067235224,0.2619164624912592,1.922994768778812e-05,0.9697110246447622,0.9581995748939376,1.0,13934140.5,5.469487190246582,37.888553619384766,0.392,0.359,0.419,0.37,0.338,0.374,0.0,1,0.0009682999999999995,0.419,0.338
171.24208192491565,62.14336277761868,108.67118090920782,4001.1640743988087,0.3557217152604854,1.1203806432721053e-05,0.8873765548568155,0.9563442233382782,0.625,4113851113.2,5.40837287902832,41.50929260253906,0.49,0.681,0.345,0.722,0.561,0.565,0.667,1,0.023002700000000004,0.722,0.345
27.366733042153506,20.658515927568203,82.2846802983539,21.07626418770424,0.2492162013346646,7.104201518533002e-05,1.0593082745157534,0.948534580179955,1.0,3078853.6875,6.903989315032959,33.27898025512695,0.384,0.372,0.481,0.373,0.336,0.384,0.0,1,0.002960699999999999,0.481,0.336
12.12228232065726,1.0642775687942996,82.95906391460905,69.93834831312122,0.2673608433809229,5.751125142415164e-05,1.0584805502094137,0.9633718839423626,0.8125,60114959.07692308,4.648557662963867,30.518983840942383,0.372,0.354,0.512,0.313,0.325,0.37,0.0,1,0.006390700000000002,0.512,0.313
11.281060365512628,43.46071569883516,101.24668807870373,1872.1575363335387,0.231670695229336,0.0005108699712256,0.9481609886691352,0.8484089907561052,0.6875,260596029.05785123,5.083117485046387,85.80885314941406,0.506,0.717,0.48,0.335,0.32,0.492,0.333,1,0.025779299999999995,0.717,0.32
49.14942284222504,14.442510111464676,80.63734323559672,1601.9364375018197,0.251705385237936,6.178642066322899e-05,0.8766613573934185,0.8704023359981072,1.0,1149407.77734375,5.0625901222229,11.286787986755373,0.365,0.48,0.375,0.373,0.335,0.39,0.0,1,0.003041799999999999,0.48,0.335
13.425868033001631,1.662230386171076,66.46691145833333,96.4557719933346,0.244879486064708,1.9415967193893643e-05,0.8531765312924517,0.94364918468321,1.0,702424.5,3.6173462867736816,9.893362998962402,0.417,0.4,0.33,0.373,0.342,0.378,0.0,0,0.001368299999999999,0.417,0.33
2.940457051162389,0.0484117007302502,64.90140274562756,29.536348360326883,0.2734665193808919,2.6525515948238693e-05,0.5973933419359851,0.9499273030179554,0.6875,438669134.9586777,0.7791446447372437,2.5824365615844727,0.379,0.444,0.564,0.369,0.339,0.414,0.0,1,0.008037499999999996,0.564,0.339
81.97373726500477,28.13508155943088,77.56111043595678,533.2488437971814,0.2934212194473525,5.168360812015233e-05,0.8643040565109597,0.9533956817327578,0.9375,2195844.16,2.6831486225128174,3.324098825454712,0.31,0.372,0.342,0.347,0.314,0.336,0.0,1,0.0006519999999999998,0.372,0.31
1.7262224788968257,0.011547945802188,55.28620746527778,18.974709704972724,0.2746764919783803,4.741052782829675e-05,0.612863255935987,0.9605123395062404,0.0,0.0,0.0,0.0,0.373,0.458,0.576,0.619,0.348,0.457,0.333,1,0.0144397,0.619,0.348
191.60122068023685,2500.786100607062,123.58647472993827,110.71206025748748,0.2671212277845191,0.0001204402302076,0.9843822416790562,0.9317780750067078,1.0,74429019.9375,13.00020694732666,116.37934112548828,0.406,0.657,0.378,0.358,0.442,0.465,0.333,1,0.014620200000000003,0.657,0.358
189.46702921172428,336.68875143111745,80.81120270704733,366.2742541029828,0.4169115173501344,8.706909018549406e-05,0.8005457973409363,0.8313340220955252,1.0,15086764.5,6.417505264282227,33.307456970214844,0.565,0.324,0.522,0.37,0.314,0.419,0.0,0,0.013593999999999997,0.565,0.314
1.492342510900874,0.0034948800640042,52.61449691358025,16.37654886896765,0.2881945098222019,1.0992331274734706e-05,0.6491725391918017,0.990195955315446,0.0,0.0,0.0,0.0,0.365,0.459,0.613,0.619,0.358,0.463,0.667,0,0.016380199999999998,0.619,0.358
229.00488765862707,4547.935084196639,128.72816747042182,69.03450114425986,0.269745369236698,0.0002391090225637,1.0086922996803491,0.9363992570871864,1.0,105084045.1875,10.096681594848633,68.46308135986328,0.445,0.529,0.41,0.352,0.448,0.447,0.0,1,0.004150700000000003,0.529,0.352
7.68035313044106,14.739801937987792,121.80125868055558,1686.4473384366495,0.2259202640554217,0.0002731684345417,1.0070268325571643,0.8559351537377115,0.875,807741624.4948978,4.497894763946533,59.599830627441406,0.446,0.583,0.517,0.397,0.328,0.46,0.0,1,0.009949699999999997,0.583,0.328
20.9885552184402,38.79036259758406,120.07949758873458,1559.0552065167392,0.2684851740236239,0.0003898063503103,0.7625151457467823,0.8565403380969225,0.875,50708613.73979591,5.1109771728515625,20.05331420898437,0.402,0.435,0.503,0.313,0.314,0.394,0.0,1,0.0066463,0.503,0.313
15.146047476160652,6.772737651412035,59.874633616255146,29.05319822199991,0.3736578849506433,0.0001587178245274,0.844851550010968,0.8768040252361274,1.0,2567002317.859375,2.43347692489624,18.63640594482422,0.442,0.371,0.385,0.673,0.322,0.426,0.333,1,0.018998300000000003,0.673,0.322
222.7497694872825,3761.0738555608855,120.0135391268004,43.82383374715951,0.2560210345822103,0.0002056359450328,1.0106857423598972,0.9386428276017624,1.0,288938086.359375,6.9567952156066895,64.1838607788086,0.452,0.513,0.416,0.339,0.424,0.439,0.0,1,0.0039697,0.513,0.339
7.776879339500869,15.697320806846273,121.74150829475306,1704.5091407976254,0.2275499900916024,0.0003065919208466,1.0070928768483445,0.8562521428048777,0.4375,490922123.63265306,4.7840776443481445,80.487548828125,0.453,0.674,0.517,0.489,0.329,0.498,0.333,1,0.015461800000000005,0.674,0.329
67.61097876816993,24.26187982846454,80.53137429269549,776.3115568447715,0.272573409192105,1.4993036226297312e-05,0.9087348397855624,0.8475200853459759,1.0,1088502.49609375,5.229979038238525,10.834524154663086,0.333,0.36,0.449,0.373,0.335,0.364,0.0,1,0.002236,0.449,0.333
29.92744699451874,10.37980018902971,85.2958549704218,272.070227318937,0.2495985478169976,3.807528331299507e-05,0.8081886155826451,0.8955102269946229,0.9375,212865949.31555557,4.2086358070373535,15.550946235656738,0.39,0.349,0.376,0.307,0.311,0.349,0.0,1,0.0013973000000000004,0.39,0.307
466.64457706255934,141.2635796967944,101.75152774562758,20.07049197616265,0.3266582907974796,1.1925694745423344e-05,1.152137739435986,0.9218190039232648,1.0,2897434.37109375,6.6925787925720215,28.92562294006348,0.593,0.355,0.505,0.373,0.354,0.439,0.0,0,0.011666,0.593,0.354
11.754878298006128,1.3595288616799048,79.88949305555555,167.4390022180338,0.2648632315360635,4.728627417081873e-05,0.9446338893368192,0.9609627536883618,1.0,17502042.33984375,3.7920944690704346,24.61351585388184,0.379,0.326,0.402,0.37,0.338,0.36,0.0,1,0.0009550000000000001,0.402,0.326
44.67962291173319,187.85930848287236,78.74688638117284,373.4373129617637,0.3367063473413407,0.0010352922402415,0.7024561191897634,0.8212473944286696,1.0,36930143.77734375,4.889864444732666,26.20605087280273,0.572,0.294,0.633,0.366,0.313,0.429,0.333,1,0.0243743,0.633,0.294
2.6911483933741254,0.0698721551407709,65.25795061728395,16.336408593012845,0.2720921094510582,4.971058491681339e-05,0.595493610081522,0.9496184405915185,0.625,406237755.69,0.6451289057731628,1.0698367357254028,0.375,0.454,0.565,0.39,0.339,0.418,0.0,1,0.007890299999999996,0.565,0.339
1.437373919269621,0.0080499739297477,52.36540743955761,16.680999249848128,0.2885366633387385,1.1741998871091776e-05,0.6499776221815317,0.9900710345236756,0.0,0.0,0.0,0.0,0.364,0.459,0.612,0.619,0.355,0.462,0.667,1,0.0165627,0.619,0.355
8.480872664437367,3.557870342761418,85.33795071373456,132.23639134595973,0.2446269289961886,0.000107957339165,1.0568206865822751,0.9631624188031478,1.0,23963352.9375,2.9069085121154785,18.93050193786621,0.397,0.354,0.51,0.368,0.326,0.385,0.0,1,0.00508,0.51,0.326
9.381301778058596,0.7550519776985644,85.71018393132718,564.2867154337641,0.2429237445127095,5.05143163325171e-05,1.0643953389137335,0.9641498813846016,1.0,45523472.55859375,5.336320877075195,35.834266662597656,0.415,0.31,0.519,0.364,0.329,0.379,0.0,1,0.007007300000000001,0.519,0.31
67.43313470349312,493.7213176680909,78.99161442258232,26.227798382799158,0.3802331040889031,0.0010956566355596,0.7879824577796581,0.7650009421314454,1.0,43087200.71484375,9.50199031829834,81.96527862548828,0.629,0.588,0.638,0.365,0.33,0.521,0.667,1,0.0225135,0.638,0.33
142.19926171339137,192.33167058278573,78.16833005401236,728.1255885029544,0.4087986765734194,6.53063675274234e-05,0.8415012137093063,0.8366430930719531,1.0,1400983182.8710938,5.149288654327393,45.89387512207031,0.522,0.377,0.476,0.566,0.314,0.444,0.0,1,0.010783999999999997,0.566,0.314
11.175563739762133,44.17671772063612,101.57188416280864,1848.2169299560144,0.2307777359634706,0.0005328823261562,0.9484944780627892,0.8484094428108191,0.5625,362143366.54320985,3.4582016468048096,35.47179412841797,0.514,0.493,0.48,0.409,0.321,0.449,0.0,1,0.0062372999999999994,0.514,0.321
21.85574188840073,17.31649176787885,96.04488644547328,2676.8106498538573,0.3033323873250191,0.0001866351296094,1.0154632405049766,0.9587058111529476,1.0,1866435.33984375,3.2757813930511475,6.933882713317871,0.333,0.632,0.462,0.373,0.434,0.453,0.333,0,0.013272699999999998,0.632,0.333
106.7438066543019,34.91324125758604,94.83379886831275,668.8544991767013,0.2914872777236217,3.901842591651076e-05,0.9979365899343664,0.9443048559716376,0.9375,36121649.795555554,3.7154464721679688,15.814045906066896,0.329,0.323,0.415,0.34,0.83,0.443,0.333,1,0.047115299999999985,0.83,0.323
1.4967557905260374,0.0077018270330337,54.26231484696503,16.645620449730256,0.2894230819639461,1.7668654998677246e-05,0.6499182761928605,0.9900555699339392,0.0,0.0,0.0,0.0,0.362,0.459,0.613,0.619,0.355,0.461,0.667,1,0.0167468,0.619,0.355
18.72802821536628,4.450733454815969,83.2166896540638,531.6968767910938,0.2618678012360876,0.0001034018398746,0.8747145209111018,0.9898645918538004,0.0625,0.0,3.1611220836639404,16.593183517456055,0.362,0.311,0.415,0.607,0.312,0.384,0.333,1,0.015043299999999999,0.607,0.311
453.33849265497554,214.6307130092882,103.71008841306583,25.053509908260605,0.3248684301454785,2.0325289050340865e-05,1.1542896464397174,0.9229345079430784,1.0,4156402.5,7.246239185333252,21.01786231994629,0.586,0.362,0.509,0.372,0.413,0.452,0.0,0,0.0092903,0.586,0.362
13.815391910891291,2.8253402537966563,66.85798781507201,61.00758897885138,0.2478317668427646,3.796995440780604e-05,0.8537189608785675,0.9437829715017098,1.0,64651282.80859375,3.5496156215667725,10.526613235473633,0.406,0.402,0.33,0.36,0.344,0.374,0.0,0,0.001170800000000001,0.406,0.33
1.6237831520166908,0.0422126864711031,55.581021958590526,20.79273285474495,0.2735384973059465,3.820424750486149e-05,0.6116516492862771,0.9598481937373672,0.0,0.0,0.0,0.0,0.377,0.458,0.575,0.619,0.347,0.457,0.333,1,0.014253199999999997,0.619,0.347
79.40374749568025,21.88542580913092,79.81796993955761,329.36116493763285,0.290216706653655,3.091901030514111e-05,0.863276943303847,0.9528575630025228,0.9375,22834424.248888884,2.5073492527008057,7.291049957275391,0.31,0.379,0.341,0.343,0.313,0.337,0.0,0,0.0007802000000000002,0.379,0.31
11.215513572370416,3.5403042865644725,81.34525302211934,16.989483694695842,0.2720084086310141,0.0001565941747726,1.0459578768144042,0.9596306795952916,1.0,15255688.93359375,2.7798516750335693,12.662551879882812,0.34,0.399,0.493,0.37,0.337,0.381,0.0,1,0.004093699999999999,0.493,0.337
84.02074757952028,29.09337062029245,81.91323350694444,394.6712028797368,0.2931986933648015,6.336340335411309e-05,0.8632083297438156,0.9529835179323662,0.9375,5820214.462222222,4.205461502075195,9.362069129943848,0.307,0.361,0.342,0.346,0.306,0.332,0.0,1,0.0006092999999999999,0.361,0.306
222.079320657619,3505.4852105456102,122.60995257844648,41.79564845638109,0.2621652363446781,0.0002364702738764,1.0156100414629234,0.9354953320006704,1.0,36375518.49609375,12.5159912109375,100.1816635131836,0.45,0.638,0.414,0.366,0.442,0.477,0.333,1,0.010760000000000002,0.638,0.366
45.85634237328556,4.866118773192699,78.57415843621398,16.560863692939414,0.2615702279171498,2.310473191548333e-05,0.8285727304458498,0.9651220422060194,0.8125,1380714.8520710063,2.254488468170166,3.1283483505249023,0.363,0.444,0.396,0.324,0.332,0.376,0.0,1,0.0024362,0.444,0.324
27.323227650459245,0.8702141906533717,82.69197964891974,133.03591559921722,0.2967556270266212,1.7622881478088772e-05,0.920837286791124,0.9865414398051476,1.0,390047.55859375,5.024350166320801,7.473296642303467,0.351,0.406,0.439,0.373,0.322,0.375,0.0,1,0.0020987000000000002,0.439,0.322
1.5155049464491763,0.0093390332214817,52.31942971965021,30.3561492990896,0.2891305822198872,1.859436771100808e-05,0.6500130976191606,0.9900884633398712,0.0,0.0,0.0,0.0,0.362,0.457,0.612,0.619,0.357,0.461,0.667,1,0.0165793,0.619,0.357
12.733369366486214,0.9132837693956628,62.11451752186214,234.4695011884044,0.2447342330840182,1.1730508682142772e-05,0.853926864970904,0.9437216540246612,1.0,19267130.25,3.59668517112732,10.106457710266112,0.42,0.379,0.33,0.369,0.34,0.373,0.0,1,0.0012632999999999989,0.42,0.33
40.17457746353929,92.43842675167664,121.00655661651236,453.4619295156341,0.2388834544173788,0.0001362592484105,0.93055986058403,0.8988751365998364,0.875,2346605.2091836734,4.672184467315674,13.836299896240234,0.373,0.333,0.354,0.323,0.316,0.341,0.0,1,0.0005496999999999996,0.373,0.316
71.40307183437947,115.48248270258796,88.919629533179,25.297529892163016,0.3371090021327204,0.0002596667690272,0.841124577900449,0.8388330670247123,1.0,112301037.99609376,3.034128904342652,8.639775276184082,0.368,0.416,0.472,0.351,0.324,0.384,0.0,1,0.0034221999999999985,0.472,0.324
113.57164711581348,263.7360129186221,64.11231278935186,23.67315277042036,0.4338635184738925,0.0001238558456769,0.7537042131169498,0.8240323999986892,1.0,7990223.5,3.6757054328918457,14.866652488708496,0.506,0.388,0.58,0.372,0.312,0.429,0.0,0,0.011828799999999997,0.58,0.312
141.3102674993656,281.9457096052803,86.60439338991769,85.20504382264629,0.396023234536233,0.0002026505586404,0.949452568275258,0.9590408628978248,0.75,10049551.472222222,6.978984355926514,63.4870491027832,0.494,0.504,0.402,0.347,0.323,0.426,0.0,1,0.0068535,0.504,0.323
215.3363839400292,2053.577176648235,125.11705561985596,32.938133617489505,0.2499151078862436,0.0002759568280391,0.973991360474398,0.9178330897162104,1.0,108358398.9375,9.225178718566896,87.66715240478516,0.475,0.606,0.356,0.352,0.409,0.458,0.333,0,0.0111353,0.606,0.352
201.39439635185065,293.8653463396988,79.31725533693415,67.97992073125741,0.4175928174341112,0.000146986536725,0.7995200407823446,0.8290016065211905,1.0,14339319.24609375,7.090278625488281,44.34744644165039,0.561,0.415,0.528,0.37,0.324,0.444,0.0,1,0.010341300000000005,0.561,0.324
108.15481938631795,10.62036649841282,95.52595399305557,337.49689284936807,0.2967331248057107,4.398728009412755e-05,0.9945818854285736,0.9487970342694988,1.0,7404074.96484375,4.235117435455322,22.87794685363769,0.336,0.31,0.422,0.372,0.829,0.446,0.333,0,0.04575819999999999,0.829,0.31
42.35142447727145,0.8400170661109698,76.34496743184157,21.685770784859333,0.2743319218705267,1.0052759306018065e-05,0.8467376484276918,0.9676883621443793,0.875,81329346.97959183,3.629323482513428,9.39583683013916,0.351,0.413,0.387,0.307,0.347,0.365,0.0,0,0.001648,0.413,0.307
20.87389881195276,165.0691057853474,117.94690477109056,1201.299574045885,0.2630383248866741,0.0012817282958343,0.9122089903984802,0.8697953348311487,0.9375,928703565.76,8.62136173248291,119.62468719482422,0.575,0.688,0.402,0.447,0.337,0.511,0.333,1,0.019857699999999992,0.688,0.337
196.02609919788733,1690.8923729583744,125.10577025462962,24.08487823886606,0.24403916660733,0.0002106777963824,0.9765809696502048,0.9169560859678958,0.9375,552197024.7822222,8.066730499267578,93.66519927978516,0.45,0.625,0.36,0.365,0.402,0.458,0.333,0,0.0119483,0.625,0.36
85.95646201522324,192.8159720540945,76.56567724408437,44.30048341366944,0.2576729441520947,0.0001098882595858,0.8491558705430877,0.97226674166362,1.0,1511161.15234375,4.278244495391846,6.367269992828369,0.336,0.424,0.395,0.373,0.309,0.367,0.0,0,0.0020983,0.424,0.309
1.5190157200390746,0.0629573367104049,57.59325401877572,18.44257146585619,0.2712153500939985,6.065954608425604e-05,0.6120213745747669,0.9594922391826632,0.0,0.0,0.0,0.0,0.374,0.459,0.574,0.619,0.345,0.456,0.333,1,0.014472699999999998,0.619,0.345
10.873496761504516,2.196283687470061,80.80563676697531,24.95851866765144,0.2678512378002976,0.0001068996896443,1.047772991158053,0.9603459159354172,0.875,15057880.025510209,3.174184083938598,18.906923294067383,0.359,0.37,0.496,0.32,0.335,0.372,0.0,1,0.004885499999999999,0.496,0.32
36.06301754057676,10.532581599359307,85.08371158050412,29.402010617717306,0.2676734611865128,8.000734370493372e-05,1.0588434375999702,0.948425955422884,0.9375,4724272.622222223,6.432875633239746,33.65135192871094,0.346,0.373,0.48,0.346,0.332,0.37,0.0,1,0.003639799999999999,0.48,0.332
29.95433567675195,1.677931692302697,75.67165914351851,204.4802884610095,0.266380231921969,1.39822987428576e-05,0.894798886515568,0.9917922313479658,0.625,6862345.65,3.013645887374878,10.321603775024414,0.371,0.382,0.43,0.4,0.317,0.376,0.0,1,0.0017385,0.43,0.317
492.23842762818526,112.38281167418025,96.68630118312755,24.32202301097061,0.3325641114882792,9.955450305959002e-06,1.1676248696291278,0.9116583780599296,1.0,12823658.4375,1.2367807626724243,2.9649720191955566,0.606,0.443,0.534,0.371,0.375,0.473,0.333,1,0.0105147,0.606,0.371
4.767001682263528,3.200509869834882,108.44332883230454,1301.0188374857364,0.2163457117391475,0.0001452816788566,0.9140075619052044,0.9758706000799188,0.25,413201665.6875,3.3629302978515625,22.524974822998047,0.436,0.385,0.409,0.545,0.316,0.412,0.0,0,0.007006700000000003,0.545,0.316
40.26704926269308,133.50231722875338,125.7116422968107,1781.980103047659,0.2413987098719987,0.0002674487588979,0.9225595004695372,0.8866265004935414,0.9375,2937358.24,4.428435802459717,11.556650161743164,0.392,0.505,0.373,0.347,0.309,0.394,0.0,0,0.005453200000000001,0.505,0.309
26.56297483297171,191.33894095003177,101.68463152649176,1473.875669866015,0.2440596109980436,8.02688456861062e-05,1.0154827463062222,0.9507245711112432,0.8125,23378737.171597637,4.269193172454834,21.94297218322754,0.39,0.414,0.445,0.32,0.31,0.378,0.0,1,0.0034732,0.445,0.31
32.65485703381874,41.23189509431338,129.82429253472222,2517.3851474452254,0.2523769002252947,0.0002106442289009,0.791599446102899,0.9408653455939592,1.0,54481273.5,9.491986274719238,65.123291015625,0.365,0.713,0.377,0.362,0.576,0.496,0.333,1,0.025313299999999993,0.713,0.362
19.298099657038527,2.2823478137727204,67.74625967721194,377.8347036700432,0.3930884437564102,9.455546554132072e-05,0.8353381433014306,0.8732188975238493,1.0,1596227958.4375,3.9267427921295166,37.04273223876953,0.481,0.338,0.401,0.596,0.318,0.418,0.0,1,0.012988699999999997,0.596,0.318
54.55447825732575,9.859440290012737,96.29204285622428,3700.2549323996673,0.2489924881326598,1.3486416805583548e-05,0.9079074240982205,0.8660885204878149,0.8125,18390587.100591715,2.932896852493286,4.688199520111084,0.379,0.7,0.407,0.321,0.337,0.446,0.333,1,0.024138199999999995,0.7,0.321
5.674954393702378,0.2851451282202271,88.31277170138891,177.86404863795343,0.2577147746794108,3.225311971482569e-05,0.9273152863872096,0.9664485277216216,1.0,7045201.74609375,4.3343186378479,46.89719009399414,0.399,0.412,0.4,0.372,0.309,0.38,0.0,0,0.0017193,0.412,0.309
53.781581029412855,4.061897409828329,68.19513876028806,353.10775760535165,0.2472618289833292,6.264810064386004e-06,0.906357041349527,0.857475015528933,1.0,2326511.4375,2.959080457687378,1.917333483695984,0.385,0.402,0.425,0.373,0.342,0.385,0.0,1,0.0009702999999999994,0.425,0.342
18.559206894577784,1.2596615606421373,66.77159921553498,335.51613843080145,0.3892140060974494,8.472324689988902e-05,0.835960878405588,0.8725888920218268,1.0,1413498419.5,3.777951002120972,31.285600662231445,0.48,0.319,0.402,0.568,0.318,0.409,0.0,1,0.011599799999999993,0.568,0.318
10.228442391365888,1.4232323851747033,77.21481954089508,41.13263018602743,0.2659787007342005,8.581873274398736e-05,1.0442055707657976,0.9597012612351488,1.0,10679151.80859375,1.5538781881332395,5.212524890899658,0.368,0.43,0.491,0.371,0.339,0.396,0.0,1,0.003691699999999999,0.491,0.339
135.7699212308001,244.85521450933945,85.60300755529836,740.6502513340419,0.4068341976431539,0.0001857427893003,0.828986319462949,0.831542297653058,1.0,513084755.96484375,6.875369071960449,58.32263946533203,0.497,0.438,0.497,0.383,0.326,0.431,0.0,1,0.005512699999999999,0.497,0.326
40.66798277268393,82.91577491722917,120.99162561085392,437.7507931931623,0.240387479795556,0.0001109280334554,0.9311662104904244,0.8987629316124877,0.875,2285403.9234693875,4.3974785804748535,13.184003829956056,0.377,0.338,0.355,0.323,0.316,0.344,0.0,1,0.0006116999999999997,0.377,0.316
1.6145639824128408,0.0101950330329877,55.775690907921806,12.651064485470153,0.2742047242794314,3.243335509710715e-05,0.6139574482149401,0.961592755756537,0.0,0.0,0.0,0.0,0.378,0.459,0.577,0.619,0.348,0.458,0.333,1,0.014231699999999996,0.619,0.348
59.64842065510838,244.32694113520247,75.26804385288065,77.71531864787298,0.2486368838317573,0.0002039841329307,0.855634649551017,0.9746741196259436,0.25,9587787.0,1.01527738571167,0.5513883233070374,0.349,0.447,0.395,0.554,0.316,0.405,0.0,1,0.008715700000000003,0.554,0.316
42.85546098262117,0.96215743358351,78.91852359825103,45.8680833937809,0.2775546312785965,9.902941922495172e-06,0.8558191351462648,0.9702080607560444,1.0,4231056.15234375,4.336366176605225,19.416400909423828,0.346,0.365,0.385,0.372,0.347,0.361,0.0,1,0.00027850000000000054,0.385,0.346
8.998751805864343,2.7841576031663444,86.14760683513376,121.97922356993872,0.2475648864168734,6.354353239042001e-05,1.0576016725092132,0.9631557770084016,1.0,32193680.27734375,4.161751747131348,25.81995391845703,0.404,0.328,0.511,0.367,0.324,0.38,0.0,1,0.005878700000000001,0.511,0.324
5.64249645391965,7.461720921747534,120.97962419624488,1103.7835900073635,0.2199272844262758,0.0001847053270792,0.9213040319180434,0.9773105823997076,0.25,508016042.25,3.330425262451172,27.37084579467773,0.433,0.348,0.419,0.564,0.316,0.406,0.0,1,0.009206499999999996,0.564,0.316
31.13187481496245,2.1462297821165754,101.94026186342592,2410.6734435653043,0.2503968845041253,2.2234245493522484e-05,0.8014644742193738,0.94372048914817,1.0,425148188.02734375,8.461709022521973,41.81523132324219,0.393,0.592,0.374,0.365,0.587,0.474,0.0,1,0.013609699999999995,0.592,0.365
28.90867708400188,77.24972778899122,134.0630541730967,976.737071203834,0.2280384628273487,0.0002874679050615,0.9215549999001352,0.8545309844248445,0.9375,823149.4488888888,4.516225337982178,16.96843147277832,0.429,0.36,0.444,0.347,0.313,0.379,0.0,1,0.0031163000000000007,0.444,0.313
17.203557306007088,1.803266896254346,61.53144537680041,82.86119621971706,0.3822914236010952,5.046122560863526e-05,0.846439688929724,0.8769194534262852,1.0,1315388059.9375,2.6455419063568115,25.64766502380371,0.481,0.335,0.383,0.551,0.319,0.408,0.0,1,0.009871200000000002,0.551,0.319
142.79704748906153,868.9014151642372,75.01638895318929,156.0750913962143,0.4046207033549936,0.0001976698166875,0.8235155452465057,0.8238897337352835,1.0,1731460823.3710938,6.384152889251709,49.72173309326172,0.504,0.428,0.517,0.614,0.316,0.466,0.333,0,0.0123532,0.614,0.316
30.00679624374625,0.7764476159371833,73.92247045396091,395.28383969483536,0.2736277166587796,2.140593998689044e-05,0.9339680005700904,0.9859018489938756,1.0,3197584722.109375,6.831177234649658,23.27676773071289,0.358,0.3,0.449,0.688,0.309,0.397,0.333,1,0.025806699999999995,0.688,0.3
17.80883351704163,1.5811473998087346,64.66506944444444,147.6336954978057,0.3842015174294705,4.54656287453122e-05,0.8335785173160017,0.8724076833451544,1.0,2129876729.5,2.4127371311187744,20.64166831970215,0.485,0.345,0.404,0.651,0.321,0.43,0.333,1,0.017755200000000002,0.651,0.321
16.538094240485094,1.1563095474297385,63.503005851337456,51.67523361493436,0.3783066685721822,4.075314313868111e-05,0.8417201139905344,0.8750461787927427,1.0,22801900.5,2.76270079612732,23.968055725097656,0.479,0.346,0.391,0.369,0.319,0.384,0.0,1,0.0037292,0.479,0.319
184.6898048511298,1165.9519122416525,83.14822170781893,175.71883988355785,0.4128706571999095,0.0003027990903158,0.7976847037989241,0.8329814956397503,1.0,324826504.4335937,6.214613437652588,32.19780731201172,0.578,0.345,0.521,0.346,0.323,0.426,0.0,1,0.0139103,0.578,0.323
42.84534131548457,0.957074289516844,78.9218320473251,54.65050586042242,0.2775707626510912,8.486241550897541e-06,0.8558958686171649,0.970217673026486,1.0,44673236.25,4.066102981567383,18.753841400146484,0.346,0.367,0.385,0.364,0.346,0.36,0.0,1,0.0002673000000000005,0.385,0.346
49.35567745585844,297.47961268463,82.84960802469138,842.2240058627387,0.2224933230261024,0.0003687678095591,0.8578779178773284,0.9801792564799142,0.75,1452810752.576389,3.7432358264923096,22.958589553833008,0.446,0.316,0.406,0.55,0.311,0.396,0.0,1,0.009865200000000003,0.55,0.311
167.01505544763654,103.39499747002186,100.3548425925926,2837.679092023145,0.3539103132072012,1.788875723632873e-05,0.8861104371790307,0.956136175970252,0.75,945450516.7430556,5.115152359008789,31.88086700439453,0.482,0.586,0.344,0.452,0.553,0.497,0.0,1,0.008947800000000002,0.586,0.344
185.45670435349697,267.4091407769853,110.5725680619856,26.720438322996703,0.2787457877137061,8.3543484890554e-05,1.024605950940845,0.8834686693058911,1.0,23264810.02734375,9.439091682434082,92.73500061035156,0.394,0.622,0.473,0.368,0.403,0.461,0.333,1,0.0105405,0.622,0.368
41.26409719351472,5.442257750410269,78.30612310313785,22.294320565494186,0.2729507866371304,4.2201569540662e-05,0.8534483416279527,0.9697999390739048,1.0,5896927.33984375,5.734506607055664,27.627161026000977,0.344,0.349,0.386,0.372,0.343,0.356,0.0,0,0.0003697000000000002,0.386,0.343
30.76743269203788,11.041361537180098,83.29640470679011,365.9503962624042,0.2512382735305341,8.095072183396078e-05,0.8098625605720575,0.8961735394840088,1.0,109207768.609375,2.542555570602417,5.50126314163208,0.375,0.383,0.373,0.352,0.309,0.36,0.0,1,0.0008938000000000001,0.383,0.309
12.543564296183726,0.7457946143120862,76.47794675925927,201.77320809188032,0.2808428354088447,2.505301358851801e-05,0.9257828041333412,0.9620346757104524,1.0,12788215.71484375,3.3118417263031006,25.304258346557617,0.361,0.319,0.389,0.371,0.342,0.352,0.0,1,0.0007257999999999998,0.389,0.319
181.05276532745177,1196.4265602370783,83.08089297196501,175.3052041028294,0.4139413167643496,0.0003215399513562,0.7968322540936847,0.8330888459182888,1.0,769763477.0273438,5.388978481292725,32.639652252197266,0.582,0.347,0.522,0.438,0.321,0.44,0.0,1,0.012420500000000001,0.582,0.321
66.07166161121825,62.625372520836166,80.46828735853909,1742.4300814199985,0.2723303054528706,9.013482719911552e-05,0.9070485249500474,0.8506722448140314,1.0,489756.75,4.018640041351318,6.173952579498291,0.314,0.525,0.44,0.373,0.335,0.399,0.0,1,0.007385300000000001,0.525,0.314
11.4189393368471,43.383819405357855,101.6788744534465,1841.6457809887024,0.2318736729413834,0.000486636939129,0.948630016963036,0.8478543691576026,1.0,361562287.9375,5.01939868927002,78.12367248535156,0.498,0.685,0.482,0.353,0.321,0.485,0.333,1,0.020754700000000008,0.685,0.321
1.4747131471098278,0.00536147776215,52.409846129115216,19.911874568381545,0.2877041912980513,1.2523439225148572e-05,0.6492148524821201,0.9899729562922818,0.0,0.0,0.0,0.0,0.365,0.458,0.613,0.619,0.357,0.462,0.667,1,0.0164548,0.619,0.357
26.633563799728897,17.94222641992573,85.16844785236627,142.96310599082616,0.2412333684236719,7.251980291793054e-05,0.8108678554544284,0.899515157655284,1.0,52145880.43359375,7.893167972564697,33.393898010253906,0.397,0.355,0.365,0.363,0.308,0.359,0.0,1,0.0010258000000000003,0.397,0.308
83.71135356499549,38.2338632281202,81.86360853909466,396.34854015091736,0.2931139682037579,7.7730592661328e-05,0.8631067968330477,0.9529984901983348,1.0,890957.734375,4.122012138366699,8.842130661010742,0.303,0.363,0.342,0.373,0.306,0.335,0.0,1,0.0010283000000000002,0.373,0.303
13.59205636391165,25.97371046598069,120.0798717528292,1174.006057840218,0.2352116352073983,0.0004152512910401,0.7647880753180097,0.8538211982999969,0.875,5949583.836734694,5.731546878814697,26.36222267150879,0.468,0.355,0.507,0.322,0.318,0.394,0.0,1,0.007681500000000001,0.507,0.318
21.57947125105614,11.191624405964502,114.4307332497428,740.3851598250411,0.2516007579399134,0.0001556372372571,0.9448630976439916,0.9863237222797164,0.5,313027370.25,4.7079057693481445,36.9516830444336,0.363,0.337,0.459,0.427,0.309,0.37,0.0,1,0.0039060000000000006,0.459,0.309
74.04945863303394,84.94914092034941,85.6955597029321,63.42454472520319,0.3406033975970644,0.0001680217306509,0.8446496103603911,0.8408115057226037,1.0,70551021.99609375,3.0077173709869385,8.328640937805176,0.35,0.412,0.465,0.359,0.323,0.379,0.0,1,0.003205700000000001,0.465,0.323
61.02294415366762,289.1086117770625,75.22843152006173,1349.287922351465,0.2631762487526924,0.0001697499693867,1.0055038782653336,0.9218205352498616,0.875,1048283.0663265308,5.764656066894531,12.414140701293944,0.316,0.436,0.379,0.323,0.315,0.357,0.0,0,0.0028186999999999995,0.436,0.315
62.71974975358032,7.56662700057102,82.26007738554527,1014.9711214274304,0.2652926461808803,4.287815968472534e-05,0.9015415305893216,0.8613909221119332,1.0,220275.4375,5.2071051597595215,11.792547225952148,0.339,0.389,0.412,0.373,0.335,0.367,0.0,1,0.0010797999999999988,0.412,0.335
9.041085722894875,0.6430669682783547,83.10896762474279,177.02842935902987,0.2509608630016025,2.056324874378402e-05,0.9478574345697108,0.9552212225386169,1.0,2374376.4375,5.709319114685059,38.43839645385742,0.41,0.372,0.393,0.373,0.335,0.377,0.0,1,0.0007872999999999992,0.41,0.335
60.687007948134735,282.77925020903865,75.65005645576132,1346.534955466705,0.2628457593899607,0.0001669300434364,1.0037998829084738,0.9221735650563558,0.875,10257629.739795923,5.479564189910889,11.104080200195312,0.316,0.442,0.378,0.321,0.315,0.357,0.0,1,0.0030933,0.442,0.315
11.10703474633165,0.6088552597415314,75.99263548096707,181.4688960963869,0.2595988032417715,3.986248096671872e-05,0.971296301423765,0.9584897138815256,1.0,17614917.9375,4.576510429382324,22.87015914916992,0.389,0.331,0.421,0.37,0.338,0.366,0.0,1,0.001376699999999999,0.421,0.331
59.5029573410996,14.333784635604536,107.82455449459876,11.545240082896209,0.2520899270710232,4.051325575038866e-05,0.9615853007061934,0.9682763824999714,1.0,15159988.27734375,1.8752977848052976,20.771942138671875,0.363,0.365,0.434,0.37,0.356,0.374,0.0,1,0.0010193000000000001,0.434,0.356
13.413242671394112,0.9716712185336408,76.8517154385288,30.60561105163997,0.2738611985890435,3.5726447515224595e-05,0.9453265484161432,0.9603696390863268,1.0,34200992.109375,5.299095153808594,31.78370475769043,0.367,0.365,0.402,0.366,0.338,0.366,0.0,1,0.0005173,0.402,0.338
57.0319913065566,84.99432159851901,73.00677980324075,557.6503766004226,0.2572884763186051,7.609851513731725e-05,0.90149085335886,0.8624066071267374,1.0,565869.43359375,4.307662010192871,7.838285446166992,0.347,0.347,0.41,0.373,0.333,0.358,0.0,1,0.0009289999999999995,0.41,0.333
10.828902825578892,2.2732532244435064,78.84934014917695,27.76488361488896,0.2655756540225051,7.163803911579899e-05,1.0445079391103365,0.9596392031366984,1.0,7557201.71484375,1.719222903251648,4.185669898986816,0.372,0.437,0.491,0.372,0.339,0.399,0.0,1,0.003728699999999999,0.491,0.339
23.401451947164485,16.643680216937646,75.32652806712964,1331.4168195447885,0.2869568477957331,0.0001630400845347,0.7972091020283316,0.8308314503682166,0.9375,16466709.76,2.5334646701812744,16.5500431060791,0.31,0.415,0.526,0.344,0.316,0.375,0.0,1,0.008202200000000002,0.526,0.31
45.52914388918222,8.311022545871282,72.1103716885288,217.99931325770285,0.2745803181791512,1.02655886706337e-05,0.8704970710332169,0.9772478510227594,1.0,125097270.984375,4.254212379455566,8.136920928955078,0.348,0.391,0.39,0.349,0.318,0.359,0.0,1,0.0009717000000000007,0.391,0.318
440.3321161272685,169.59470491394225,104.68690489969136,23.23725478136909,0.3242763082580399,1.9416809345124087e-05,1.151816101002714,0.9252052086444144,1.0,2344205.25,7.991400718688965,24.75901985168457,0.583,0.347,0.511,0.373,0.416,0.448,0.0,1,0.009755999999999999,0.583,0.347
431.4783565470903,273.5686625082976,105.61610085519548,28.96186900272164,0.3274552012995025,8.69229550860396e-06,1.153771344121626,0.9215360561994456,1.0,610208.5,7.140712261199951,22.8341064453125,0.589,0.354,0.506,0.373,0.442,0.456,0.0,0,0.009406699999999999,0.589,0.354
17.351202453439164,1.6818990755117462,61.69701298868313,80.99281057841664,0.3782744130886453,4.544404825629589e-05,0.8466434009091495,0.8772874156991882,1.0,1488625765.3398438,3.612982988357544,29.27236557006836,0.477,0.347,0.382,0.58,0.318,0.414,0.0,1,0.011505699999999997,0.58,0.318
5.648253143452587,4.558385846201839,118.20623659336418,1118.6857672635242,0.2185692894139992,0.0002145387260152,0.9142970909157396,0.9778892185502632,0.25,652396563.1875,3.41349458694458,33.78478240966797,0.443,0.377,0.414,0.595,0.315,0.419,0.0,1,0.010919199999999999,0.595,0.315
73.99840772198151,84.10043394773871,85.708463123714,62.77916409829896,0.3401404628026953,0.0001659589828556,0.8445022392546981,0.8407141172641115,1.0,19321822.93359375,3.070845603942871,8.428300857543945,0.349,0.412,0.465,0.369,0.323,0.38,0.0,1,0.003128800000000001,0.465,0.323
47.180454226725104,5.022266551030674,75.54592335390947,214.36409612612937,0.275985271348478,7.473365416048852e-06,0.869663400609203,0.9771584754165016,1.0,869569.9375,3.8507258892059326,5.421454429626465,0.345,0.404,0.39,0.373,0.315,0.365,0.0,0,0.0012773000000000007,0.404,0.315
65.41972058715544,49.92768464559183,78.16186287937242,223.48316174208105,0.2542606423611509,2.635408545172098e-05,0.8533457644504095,0.974185676902602,0.4375,10161442.530612243,3.1760571002960205,2.5929362773895264,0.359,0.416,0.396,0.482,0.318,0.389,0.0,0,0.0038081999999999994,0.482,0.318
1.5926965779609898,0.0604422657468033,57.911014081790114,21.2978432909728,0.2679238375623086,5.579780263650199e-05,0.6164341486762841,0.957740159889612,0.9375,8410011.84,1.7698935270309448,14.954999923706056,0.38,0.388,0.567,0.346,0.343,0.398,0.0,1,0.008620699999999997,0.567,0.343
184.29520920079415,163.4422476812387,110.75098942258232,28.742309869693347,0.277005346468504,5.631062951316971e-05,1.025004016966506,0.8813404799854139,1.0,24520760.25,9.4705228805542,91.0425262451172,0.403,0.617,0.478,0.368,0.404,0.463,0.333,0,0.0099105,0.617,0.368
43.307893432117,176.58643944806127,78.8952768132716,364.4036067456284,0.3340435822490649,0.0010356160320446,0.7027575171460998,0.8213903948657985,1.0,11982336.40234375,4.57391357421875,24.741981506347656,0.569,0.299,0.632,0.371,0.312,0.43,0.333,1,0.0236183,0.632,0.299
3.224309080367037,0.0840620007089913,70.22904086291152,30.920782824927556,0.2841056210559647,4.1692220185698186e-05,0.5963973954921228,0.9494245719946433,0.375,252211518.47222215,1.42340087890625,4.7714033126831055,0.36,0.434,0.564,0.469,0.328,0.419,0.0,1,0.008697999999999996,0.564,0.328
108.13983885462484,32.19253445773018,94.41214326131688,253.73244559074888,0.2936993152811532,7.60429512386273e-05,0.9951181956274032,0.94432882614299,1.0,5177206.43359375,3.320888042449951,14.82037353515625,0.323,0.355,0.413,0.372,0.83,0.453,0.333,1,0.0441593,0.83,0.323
155.60746906502317,26.73300835480202,107.49930372299384,21.333297159565724,0.2656404982923739,2.8208633802195942e-05,1.0512587634859336,0.8849100269929344,1.0,39392263.5,7.66399621963501,65.07877349853516,0.403,0.521,0.494,0.365,0.373,0.434,0.0,1,0.0051432000000000005,0.521,0.365
22.128337770360883,12.368733334315785,75.0044006880144,1340.326060878197,0.2794408513814324,0.0001455854580051,0.7957687359970336,0.829897161729869,1.0,6404898.75,4.17841386795044,20.94854164123535,0.323,0.398,0.529,0.372,0.316,0.379,0.0,1,0.007411300000000002,0.529,0.316
110.37717968692614,446.02174312157655,90.18016052597736,2589.652372666301,0.4416132478177945,0.0001912335396503,0.7558506374340133,0.8313973022916263,0.875,456014395.3469387,3.7088623046875,18.85584831237793,0.509,0.57,0.563,0.321,0.313,0.465,0.0,1,0.016481199999999994,0.57,0.313
62.70662480200114,7.354729449964035,82.03001195987653,1020.5584198139036,0.2650991172468233,4.212081500745666e-05,0.9014537977535446,0.861343427321535,1.0,475071.4375,5.0224714279174805,11.491673469543455,0.34,0.391,0.412,0.373,0.335,0.368,0.0,1,0.001084699999999999,0.412,0.335
57.64133393312402,215.6514222419225,92.6486116898148,1923.8290470506693,0.2632689503054278,0.0002219545425889,1.004857469258719,0.9207961338073204,1.0,3844011.71484375,2.971806526184082,4.969803333282471,0.332,0.556,0.379,0.372,0.314,0.398,0.0,1,0.009284800000000005,0.556,0.314
40.46566810224231,1.4344725100493958,76.23400405092593,65.06073879323166,0.2810497866524498,1.1879718150335433e-05,0.829486825992578,0.9678452439266128,1.0,2682121.46484375,1.2557767629623413,2.4697091579437256,0.342,0.44,0.401,0.373,0.337,0.379,0.0,0,0.0018432999999999995,0.44,0.337
49.48859290510262,16.844059158321258,100.48308240097737,830.2073507208914,0.2596414428284932,4.104116435083227e-05,0.8215671665882791,0.965326758573948,1.0,25859806.5,2.523547887802124,6.577220439910889,0.358,0.387,0.403,0.368,0.335,0.369,0.0,0,0.0006877000000000003,0.403,0.335
43.796402769291376,16.6143485505653,76.85654063786008,380.4351930135791,0.2725648452773691,2.1019327216282915e-05,0.8704992752571472,0.9770513144624258,1.0,232538938.18359372,3.4701642990112305,7.567168235778809,0.349,0.371,0.389,0.329,0.317,0.351,0.0,1,0.0008719999999999999,0.389,0.317
168.68510976939262,186.08946645257384,107.99436400462965,23.31434984166178,0.2734531293459773,9.533318826973885e-05,1.0601841656959148,0.8863459036938115,1.0,15920544.40234375,9.903947830200195,122.94306182861328,0.384,0.678,0.499,0.37,0.367,0.469,0.333,1,0.017892300000000007,0.678,0.367
82.52404446192901,49.13823601554728,79.19131034593623,388.1952241799645,0.2969288283605305,9.650477976377668e-05,0.8649567758281667,0.9530675462249512,0.6875,1170707.5371900827,3.1186277866363525,4.568702697753906,0.302,0.384,0.341,0.374,0.315,0.342,0.0,1,0.0012777000000000005,0.384,0.302
40.76712627610522,7.110801949692532,78.1906166409465,42.850849606541765,0.2734743087712372,2.3231123018527905e-05,0.853421828099648,0.9696658093852504,1.0,3148638504.984375,5.402953624725342,27.114896774291992,0.349,0.344,0.386,0.687,0.344,0.403,0.333,0,0.02225450000000001,0.687,0.344
11.15720143125453,0.5034956022300492,76.30792602237653,168.29840919315367,0.2606440436567009,4.2678341271259984e-05,0.9720644545642494,0.958728815116131,1.0,14351755.93359375,4.034203052520752,21.88971900939941,0.387,0.337,0.422,0.37,0.338,0.367,0.0,1,0.001275699999999999,0.422,0.337
51.6889432918768,14.442630607950422,67.30726321373457,761.298166278381,0.244298272430566,2.4452755986480904e-05,0.9065793447401436,0.8593987980072854,1.0,5115067.234375,3.618847131729126,5.170231342315674,0.386,0.385,0.421,0.372,0.338,0.379,0.0,1,0.0008922999999999993,0.421,0.338
27.26111898832346,20.806535146823016,82.32235985725309,21.69695178388545,0.2494490057119105,7.055655065716953e-05,1.0590239813289188,0.9484316764638518,1.0,4502901.109375,6.917304039001465,32.033653259277344,0.384,0.367,0.481,0.372,0.336,0.383,0.0,1,0.003016499999999999,0.481,0.336
9.476447395044188,42.68654750443483,108.91296055169754,547.5781543244354,0.2341030865199889,0.000941799336458,1.0195487172025233,0.8368844008261296,0.9375,859136662.7822224,6.968658924102783,92.84235382080078,0.601,0.551,0.57,0.432,0.32,0.502,0.333,1,0.013647699999999999,0.601,0.32
1.4988538926143178,0.0038572418138865,53.27217164994856,18.17320802557812,0.288616277351589,1.044160454872589e-05,0.6492622384894762,0.9899548717415474,0.0,0.0,0.0,0.0,0.365,0.459,0.613,0.619,0.356,0.462,0.667,1,0.0165058,0.619,0.356
444.0806589339284,139.61539382198387,105.66707802854938,9.564947023990408,0.3254266146520094,1.3554808652454624e-05,1.151920989288815,0.925045404802906,1.0,1346002.80859375,7.873465061187744,21.36196517944336,0.587,0.362,0.511,0.373,0.421,0.454,0.0,1,0.009250199999999998,0.587,0.362
22.96269168403285,227.0275986752156,117.33157632458848,1213.0925041488845,0.271350743774794,0.0015371560525451,0.9170008506136088,0.8680307650503365,1.0,399719234.68359375,8.989034652709961,113.25471496582033,0.569,0.682,0.41,0.36,0.339,0.496,0.333,1,0.021896500000000003,0.682,0.339
1.628377398533727,0.0129829736545067,55.587859728652255,14.504752839665436,0.2744261368074528,3.96393159067977e-05,0.6135579468936765,0.9615756105976644,0.0625,0.0,1.0122349262237549,4.553074836730957,0.375,0.437,0.578,0.607,0.348,0.45,0.333,1,0.013856499999999999,0.607,0.348
246.18141261545057,65.19957243761341,94.56216695601852,16.059213086748787,0.3144642986330977,9.510979066847608e-06,0.9871629594138072,0.9529151742062146,1.0,197155545.0,2.343208074569702,2.002612829208374,0.486,0.449,0.424,0.335,0.336,0.415,0.0,1,0.004628499999999999,0.486,0.335
18.799130370386223,99.55705538948368,126.61644280478396,2816.490269633824,0.2361764118883115,0.0001052967170324,1.0340308704872463,0.9579078999103324,1.0,82584902.49609375,3.588866949081421,20.89400100708008,0.403,0.581,0.478,0.357,0.307,0.433,0.0,1,0.011544199999999998,0.581,0.307
30.55117870730163,114.4014837005716,77.66226623585389,529.9799650591842,0.2946744703667145,0.0003511392020846,0.9398343955411504,0.9699801454175554,0.5625,886405585.4320989,5.9785332679748535,66.88119506835938,0.361,0.459,0.418,0.52,0.321,0.41,0.0,0,0.0061797000000000015,0.52,0.321
10.509386303902776,0.5025488785174087,55.28669081147119,52.24180173436801,0.3760629147435488,4.72640843447635e-05,0.8539256834519343,0.8602147889781856,1.0,1172511195.2148438,1.533526062965393,4.9144287109375,0.479,0.43,0.415,0.524,0.329,0.434,0.0,1,0.0053793,0.524,0.329
39.95009847726912,1.5415754592177249,79.3435027006173,22.38412743163415,0.2821730201531891,1.4857932415917653e-05,0.8319191068205896,0.9680777175880028,1.0,5148869.859375,3.25194787979126,12.883545875549316,0.34,0.397,0.4,0.372,0.335,0.367,0.0,1,0.0009376999999999999,0.4,0.335
36.84476241281392,0.7210016958869303,80.98556176054527,25.071703259351413,0.2659157277876468,9.491308689694524e-06,1.059400184942198,0.9480117587367682,0.875,4345982.494897959,6.210593223571777,31.38943862915039,0.368,0.364,0.48,0.323,0.338,0.371,0.0,1,0.0038167999999999987,0.48,0.323
234.2364277773248,6200.165558859371,119.2834899369856,97.16529320620586,0.2617996977600806,0.0002828002827692,1.0074294332260136,0.9352455581398758,1.0,133465004.08984376,9.332059860229492,79.7161636352539,0.473,0.57,0.406,0.347,0.436,0.461,0.0,0,0.006901299999999997,0.57,0.347
248.4278197557436,83.57853202723996,97.7262213863169,19.846164789027785,0.3153587296709253,1.3810000565627696e-05,0.979806254047244,0.9535985153015912,0.75,373737645.9097223,4.61596155166626,13.013965606689451,0.488,0.397,0.418,0.331,0.361,0.406,0.0,0,0.0035884999999999992,0.488,0.331
106.77295478847104,34.161169296764534,94.7464078896605,668.0869767037998,0.2911739832053212,3.6702751187788326e-05,0.9977043605350092,0.9442846282239472,1.0,13485582.859375,3.940569877624512,14.789362907409668,0.33,0.328,0.415,0.37,0.831,0.448,0.333,1,0.04548869999999999,0.831,0.328
29.204695181937428,3.759394932301488,86.20343656764403,632.0590295772164,0.2474021593168088,5.284587878117134e-05,0.8083716350110594,0.8975912988720646,0.875,114627682.48979592,8.832640647888184,47.36043167114258,0.39,0.371,0.371,0.301,0.311,0.353,0.0,0,0.0015992000000000005,0.39,0.301
12.096169753850564,0.3984573968873708,76.13689911265432,208.8098638502344,0.2783136637044453,1.808942392467345e-05,0.9255666686343822,0.9621249793268992,0.9375,7494612.159999999,2.721807718276977,18.907102584838867,0.367,0.344,0.389,0.346,0.346,0.357,0.0,0,0.0003813000000000007,0.389,0.344
47.49916073318733,10.44279341678434,78.61988593106996,23.59405813570551,0.2627292657889671,5.4572527367298463e-05,0.8244179209280729,0.9653303371317512,1.0,1375027.37109375,4.992515563964844,8.575601577758789,0.351,0.417,0.4,0.373,0.333,0.375,0.0,1,0.0011831999999999997,0.417,0.333
1.2447922391921276,0.0070147997357225,56.028706950874486,26.62163517977028,0.2651260717151938,2.7445964740350045e-05,0.6034854750189718,0.9565406893444094,0.0,0.0,0.0,0.0,0.393,0.457,0.574,0.619,0.35,0.462,0.333,0,0.0132863,0.619,0.35
47.02397022325773,237.63317121448256,88.48833950617285,1290.395859642664,0.2530254311215225,0.0001867147284528,1.0064025233990996,0.9188682888433845,0.875,4743440.408163265,4.488433837890625,8.523595809936523,0.347,0.445,0.384,0.323,0.324,0.369,0.0,0,0.0026323,0.445,0.323
64.71024058257177,50.24967177317178,78.29139737654323,226.935013506154,0.2540917989871731,2.7357203396673245e-05,0.8535256539132823,0.9742323667180316,0.5,944345.484375,3.614367961883545,6.208498954772949,0.36,0.399,0.396,0.457,0.318,0.381,0.0,1,0.0026525000000000008,0.457,0.318
193.3612698959327,378.61581366305415,80.81546926440329,359.7789097197156,0.4192395250732967,0.0001085166459568,0.7998175740401059,0.8329515941164873,1.0,340114664.109375,6.209031105041504,31.529476165771484,0.565,0.317,0.519,0.349,0.32,0.415,0.0,1,0.014073999999999998,0.565,0.317
9.671610053315067,0.5865298541701913,83.1362772633745,378.753638266519,0.2497262249558158,2.204944953789694e-05,0.9578383083365638,0.9567233275116084,1.0,18904993.99609375,5.517799377441406,37.8120346069336,0.411,0.342,0.405,0.369,0.336,0.372,0.0,1,0.0012032999999999992,0.411,0.336
69.80643862553254,8.17160099906543,86.92370704732511,2856.660882148321,0.263636924045093,1.8512591790987737e-05,0.8992368228297252,0.8629133278356033,1.0,2934821.02734375,4.746995449066162,10.416479110717772,0.344,0.63,0.407,0.373,0.335,0.427,0.333,0,0.0148637,0.63,0.335
31.02093055472328,0.9047217400096088,70.60479642489713,162.98414096046653,0.2792512343633838,1.2756907474384796e-05,0.9355013216405016,0.9859693710632772,1.0,577571.5,6.461904048919678,13.781414985656738,0.352,0.373,0.45,0.373,0.309,0.366,0.0,0,0.0026133000000000007,0.45,0.309
18.9106151870278,99.17864142601748,126.6013715277778,2820.864478351476,0.2362983898382933,0.0001076687058344,1.034046300150924,0.957893827340401,0.9375,33050126.99555556,3.922569274902344,22.71502113342285,0.402,0.574,0.478,0.341,0.309,0.428,0.0,1,0.011490699999999994,0.574,0.309
175.31156792365442,628.5710907122279,86.5735346257716,916.3771968334792,0.4042033934503932,0.0002269977326857,0.7942404853352198,0.8457369982221081,0.9375,13112186.622222222,5.901463031768799,39.558570861816406,0.539,0.373,0.497,0.345,0.324,0.419,0.0,1,0.009260800000000003,0.539,0.324
64.64424475535725,49.39361464035285,78.29481314300412,220.8662604440518,0.2541189018399034,2.6278186758220425e-05,0.8534591302744772,0.9742838171015572,0.25,48921415.6875,1.633419632911682,1.2951210737228394,0.36,0.423,0.396,0.546,0.318,0.401,0.0,1,0.0074538000000000035,0.546,0.318
27.964338792132367,0.6844551653090918,80.73607079475308,882.7838646974084,0.2973087857726174,1.560386378624318e-05,0.9213952638173156,0.986201366862776,1.0,11355108.43359375,2.5101890563964844,2.888402223587036,0.351,0.412,0.439,0.371,0.323,0.377,0.0,0,0.0021681999999999995,0.439,0.323
37.0520522941147,12.077953557558772,83.74603957690329,40.31717842248756,0.2668148223745254,2.371607507329475e-05,1.06041554721995,0.948044859786092,1.0,16215226.65234375,5.687639236450195,30.974515914916992,0.362,0.36,0.481,0.37,0.337,0.376,0.0,1,0.003213499999999999,0.481,0.337
27.36589511229898,1.1881441523687302,81.96140734310701,155.00864507803573,0.2963152084834919,2.5093245028464022e-05,0.9207616383548188,0.986446102232345,1.0,269254.05859375,5.118675231933594,7.527718544006348,0.348,0.403,0.439,0.373,0.322,0.374,0.0,0,0.002100500000000001,0.439,0.322
97.28425678060763,75.48334536656193,94.59839760159464,401.21100379180257,0.286750907016531,0.0001031874200904,0.9967510989277129,0.948763435716577,0.8125,100066356.98224851,3.685462236404419,16.731027603149414,0.304,0.327,0.424,0.305,0.838,0.435,0.333,0,0.052037299999999995,0.838,0.304
65.18513727189799,365.2309333433907,77.7767416087963,17.593234690725602,0.3709348163750501,0.0008718350639959,0.7855034466046658,0.764989250886243,1.0,32096985.234375,9.87678337097168,82.77892303466797,0.589,0.592,0.64,0.367,0.329,0.512,0.333,0,0.020714299999999998,0.64,0.329
40.65598843082688,2.1008756859552733,75.98144151877571,18.623738472009656,0.2741344999741516,1.7410697514184176e-05,0.8501267682978175,0.9694726536465084,1.0,2064517.99609375,4.5413360595703125,21.74991607666016,0.35,0.359,0.388,0.373,0.346,0.361,0.0,1,0.0002997000000000005,0.388,0.346
137.72288151396955,27.73034190072553,104.56484969778806,28.947833593307543,0.2563453247487748,2.249310129197236e-05,1.0725685404584666,0.8768943086999912,1.0,23100967.08984375,10.106046676635742,110.28895568847656,0.404,0.66,0.531,0.368,0.336,0.468,0.333,1,0.018004200000000005,0.66,0.336
17.448208292056545,1.5585054105467888,62.73307603523663,60.07903487829346,0.3841221206306793,3.347123678718206e-05,0.8354833735845297,0.873178129294226,1.0,1643969823.234375,3.5854852199554443,28.55601119995117,0.488,0.347,0.401,0.603,0.318,0.423,0.333,1,0.013389299999999998,0.603,0.318
56.65231228904082,86.55286128288665,72.25023858667696,553.4379177475464,0.256014163732835,7.559078980604871e-05,0.901463779946084,0.8624830461310516,1.0,331213.234375,4.648301601409912,8.355696678161621,0.349,0.346,0.41,0.373,0.335,0.358,0.0,0,0.0008942999999999996,0.41,0.335
120.21050115613588,236.4675010784538,65.83286146476338,108.81071807849884,0.4369995822015445,0.0002614852093943,0.7573399617474716,0.8258707136655616,1.0,11899371.24609375,3.980466365814209,15.649163246154783,0.532,0.372,0.573,0.371,0.306,0.429,0.0,1,0.013267699999999999,0.573,0.306
52.42286243346673,76.98501803368887,104.33833944187244,585.0807140906659,0.2317428735549564,0.0002539822255002,0.856401883547197,0.9802906046415149,0.375,15033866.0,3.3712475299835205,16.078542709350586,0.395,0.312,0.407,0.507,0.311,0.376,0.0,1,0.0065658,0.507,0.311
125.62667177267863,219.39929487014223,66.24591637731481,107.72796921272705,0.445357183914281,0.0002879005750581,0.7580954608954582,0.826319353002896,1.0,22268208.99609375,3.737617015838623,16.24932289123535,0.55,0.37,0.571,0.369,0.308,0.432,0.0,1,0.014105300000000001,0.571,0.308
65.88522713861923,63.62960800059992,80.388417341821,1735.9102026132634,0.2719553282171095,9.252321233815164e-05,0.9069886552808156,0.8507167253603636,1.0,286024.359375,4.309015274047852,7.450716495513916,0.314,0.518,0.44,0.373,0.335,0.397,0.0,1,0.006948500000000001,0.518,0.314
198.52568640457167,2152.7616842896023,124.61838458076132,32.95002714046094,0.2447461832604412,0.0003236440064773,0.975311732560502,0.9284081003058676,1.0,191880857.37109372,10.465089797973633,108.67980194091795,0.483,0.656,0.363,0.336,0.379,0.466,0.333,1,0.017228300000000002,0.656,0.336
83.29602497872108,6.599266077870469,80.5792210648148,331.2055940311949,0.2939955871750853,1.6579333247761256e-05,0.8640714806089149,0.9533545213355458,0.875,2256320.4081632653,2.293188095092773,1.807107925415039,0.321,0.405,0.342,0.323,0.315,0.344,0.0,1,0.0013742000000000008,0.405,0.315
234.17718113412928,5357.458715833711,119.27898694701643,97.15856477610404,0.264914065966596,0.0002050070937121,1.0073014036878922,0.936579607316311,1.0,126431844.984375,11.644372940063477,93.58025360107422,0.447,0.614,0.409,0.348,0.433,0.465,0.333,1,0.0098197,0.614,0.348
38.50173016437378,57.43889979925663,109.60713474151234,807.936147856268,0.2382071187833306,0.0001668734051321,0.8572519800153648,0.9771832718644762,0.9375,15934829.262222225,4.771103858947754,24.81758117675781,0.372,0.304,0.4,0.344,0.313,0.343,0.0,1,0.0016118000000000007,0.4,0.304
43.08259900697209,63.32056706786362,123.96384233539098,1076.464230823744,0.2406680531285409,0.0001239263599116,0.9201262757387816,0.8785082716745853,0.9375,85981220.11555554,4.401399612426758,12.743939399719238,0.371,0.394,0.389,0.33,0.311,0.361,0.0,1,0.0013535000000000003,0.394,0.311
198.5356162726724,253.74667536025052,79.34850462962962,69.58581226786511,0.418271168803545,0.0001155020537246,0.8000614196089428,0.829608422395907,1.0,671546740.7460938,6.874289512634277,53.59814834594727,0.567,0.46,0.526,0.416,0.323,0.463,0.0,1,0.009124299999999998,0.567,0.323
1.4603307329258235,0.0066113894247266,52.28119380144032,20.35212050880117,0.28840989257428,2.163687669385658e-05,0.6494090474161722,0.9900092719923655,0.0,0.0,0.0,0.0,0.362,0.458,0.613,0.619,0.357,0.461,0.667,1,0.0166327,0.619,0.357
22.151305355340668,12.762590816995596,75.00166431970163,1317.3975943846656,0.2799469362560045,0.0001411184596349,0.7957984496230687,0.8296464333108948,1.0,15028635.05859375,3.534744501113892,20.63433265686035,0.323,0.396,0.53,0.37,0.316,0.378,0.0,1,0.007489000000000001,0.53,0.316
174.5149309080049,609.7404297559027,84.84947566229424,678.0868551319597,0.4075789611741697,0.0004140253193516,0.799371813926741,0.8473077082610763,1.0,19460711.02734375,6.053756713867188,39.42691802978516,0.598,0.34,0.489,0.369,0.321,0.427,0.0,1,0.013797299999999997,0.598,0.321
22.92117302897063,20.51038060725056,74.68176006301441,1362.7595113148177,0.2835268216154302,0.0002621733011207,0.7963872683595206,0.8298654661595201,1.0,11592414.62109375,3.269440174102783,19.71601676940918,0.341,0.406,0.529,0.371,0.315,0.385,0.0,1,0.006983800000000001,0.529,0.315
71.50330824949799,118.30590816963768,89.01427578446504,25.10730253202521,0.33687477321662,0.0002693221016547,0.8411307498451015,0.8384640762735454,1.0,18704112.859375,3.446063041687012,10.432637214660645,0.37,0.408,0.472,0.369,0.324,0.386,0.0,1,0.0030587999999999987,0.472,0.324
8.53696650372845,1.7215399870214132,78.24546662808642,41.81927515347184,0.2556435214740779,6.634375953488061e-05,1.0462202202892912,0.959918235447997,1.0,101334771.75,1.3928053379058838,8.823348045349121,0.39,0.413,0.494,0.353,0.338,0.396,0.0,1,0.0037822999999999993,0.494,0.338
424.4246703644329,89.22143158068643,94.15269875257204,31.0468773052136,0.3213831931682615,1.1224464942531129e-05,1.169904772268081,0.9267133794260928,1.0,251362.734375,6.404345512390137,11.195301055908203,0.577,0.404,0.527,0.373,0.338,0.448,0.0,1,0.010613699999999997,0.577,0.338
1.470138917051265,0.0048024571833221,51.74717177854938,13.607564118912816,0.2873620079523392,1.8694804886201835e-05,0.64947591083344,0.9898895968382652,0.6875,2257438.4132231404,1.9133071899414065,6.520204544067383,0.364,0.428,0.613,0.374,0.357,0.417,0.333,1,0.011568700000000001,0.613,0.357
1.4839388291128706,0.0051035820387286,52.4664039994856,19.81919639621372,0.287952927045347,1.112241613041817e-05,0.6496382527898388,0.9899234527872124,0.75,1490454.7430555553,0.4023283720016479,0.712078332901001,0.365,0.455,0.612,0.348,0.357,0.421,0.333,1,0.012498300000000002,0.612,0.348
1.453136331304118,0.0092296352734868,51.7310982188786,20.895328649143064,0.287264546385777,1.3445964753633527e-05,0.6500391655775509,0.989895520724303,0.6875,1371053.0578512398,1.529435634613037,3.3136260509490967,0.366,0.442,0.612,0.374,0.355,0.421,0.333,1,0.0115312,0.612,0.355
10.81597793172602,2.2521329030189925,78.34014650848765,28.780661886615057,0.267068862781224,7.870111038812627e-05,1.0446256856891936,0.9597781638491008,1.0,6487995.4375,1.584089994430542,4.8236894607543945,0.367,0.434,0.492,0.372,0.341,0.398,0.0,0,0.003741699999999999,0.492,0.341
49.21485572048033,17.249805087802883,100.67993537808644,804.152561371007,0.259946408196466,4.454466376004125e-05,0.8218132441968502,0.9654389645670888,1.0,37077115.6875,2.6166603565216064,6.318755149841309,0.357,0.385,0.403,0.366,0.333,0.367,0.0,1,0.0007152000000000003,0.403,0.333
11.2131077553985,46.36655751553064,101.31066412680042,1870.0433248988404,0.2305575186435546,0.0005072764075135,0.9480582979495866,0.8482365837878931,0.6875,530752651.6859504,4.5688252449035645,50.46376800537109,0.506,0.566,0.48,0.388,0.321,0.462,0.0,1,0.009488199999999997,0.566,0.321
1.4781865738227409,0.0055517214595753,52.21563769933129,20.38963218916806,0.2879983280824729,1.0973887378934203e-05,0.6492486420795066,0.9899442143378252,0.0625,0.0,0.367042988538742,0.7658137679100037,0.365,0.455,0.613,0.607,0.357,0.459,0.667,1,0.0156988,0.613,0.357
120.025535914058,540.9994174983772,83.58619003986625,1186.1778809451732,0.4463448876497691,0.0004117723877458,0.7642037202147763,0.8302566594899159,0.875,335637801.38775504,3.068685293197632,16.56130599975586,0.584,0.393,0.558,0.298,0.308,0.434,0.0,1,0.0184402,0.584,0.298
65.28355036646273,8.844603659405479,83.14913827803498,2288.586392685904,0.2679913158034311,7.213850672733796e-06,0.9058754070897854,0.8487309159895097,0.9375,1041221.9822222224,4.896213531494141,11.015413284301758,0.344,0.574,0.444,0.347,0.337,0.415,0.0,0,0.010425699999999998,0.574,0.337
1.5742014454098123,0.0052682795114264,54.257645190329214,16.89498074401451,0.289099868360571,1.4664679238237366e-05,0.6496902604478322,0.989627145015058,0.875,776277.3112244898,2.315389394760132,8.016864776611328,0.363,0.42,0.612,0.323,0.354,0.407,0.333,1,0.0134303,0.612,0.323
71.52503175089106,118.83265608848998,88.94295277134773,24.605854392264668,0.3368677313102712,0.0002695258972045,0.8408682206000508,0.8386944272410959,1.0,8507484.234375,3.5003654956817627,10.097970008850098,0.37,0.41,0.472,0.371,0.324,0.386,0.0,1,0.003059799999999999,0.472,0.324
107.8685657362293,55.4423497498677,96.19295161394034,159.73361974451447,0.2988271964971768,8.307536762867335e-05,0.9936149729690372,0.9487162570487696,1.0,11100386.859375,3.199364185333252,14.502812385559082,0.328,0.37,0.421,0.371,0.833,0.46,0.333,1,0.04349729999999999,0.833,0.328
41.13848899947392,2.894471595455342,76.72486831275721,50.32718145099045,0.2745725918720579,1.0169034382590698e-05,0.8477198422848554,0.9679585815702894,1.0,1650109.27734375,4.649125576019287,22.978071212768555,0.351,0.35,0.387,0.373,0.345,0.358,0.0,0,0.00032420000000000056,0.387,0.345
11.319158501044877,3.468963180791824,81.35146717463992,20.344596994569397,0.2717807982916442,0.000148709092866,1.0460991492043688,0.9596442182062626,1.0,6691695.68359375,2.793220996856689,13.979702949523926,0.342,0.392,0.493,0.372,0.337,0.381,0.0,1,0.004002699999999999,0.493,0.337
43.305486560783535,0.8509652508605879,78.36142746913582,53.82555213242626,0.2774661018375157,8.671666380016687e-06,0.855648757876067,0.9699984856621136,1.0,3832336.74609375,4.35736608505249,18.308979034423828,0.346,0.369,0.385,0.372,0.348,0.362,0.0,0,0.0002775000000000005,0.385,0.346
47.9800686426438,140.50429155956243,84.30418547453704,747.1212402565383,0.3427867644027587,0.000701990181015,0.7012916277688468,0.8215355558592832,1.0,35058721.984375,5.391110897064209,40.78266906738281,0.523,0.355,0.633,0.366,0.315,0.432,0.333,1,0.018112800000000005,0.633,0.315
16.78465985782028,1.1515032477696452,63.8951038130144,48.55544865603596,0.3737325630891709,4.484106922559768e-05,0.84272426099197,0.8753091001531322,0.9375,616913495.8488889,4.055130958557129,32.660579681396484,0.471,0.366,0.39,0.379,0.319,0.388,0.0,1,0.0030434999999999985,0.471,0.319
60.43855217929588,15.200758481371604,83.61679092721192,1655.020938151329,0.26535343077462,6.305125717707771e-06,0.90657035571123,0.8494618899749009,1.0,660411.15234375,5.509026050567627,9.356121063232422,0.352,0.497,0.443,0.373,0.337,0.402,0.0,1,0.004564799999999999,0.497,0.337
22.38453318751214,22.44583048212616,118.13694489454733,591.6434286225887,0.2542128171958959,0.0002007604375259,0.9459468091193812,0.9863519534080926,0.5625,49004762.0,4.304370403289795,13.847823143005373,0.368,0.323,0.46,0.42,0.311,0.367,0.0,1,0.0040223,0.46,0.311
107.9704167478368,35.279811380119504,91.80737528935184,278.7783028406116,0.2968681318502482,6.161657213592224e-05,0.9925587436166218,0.949017472999635,0.9375,22373821.395555552,4.101792812347412,18.378416061401367,0.331,0.336,0.42,0.343,0.833,0.448,0.333,0,0.04654029999999999,0.833,0.331
75.32585606683983,551.2562996147094,88.76032513503087,2163.264233114941,0.3836546797591377,0.001185347213671,0.7911685296453228,0.7650174154000253,1.0,72952582.734375,6.85149621963501,73.4773941040039,0.64,0.71,0.635,0.359,0.335,0.553,1.0,1,0.0306557,0.71,0.335
72.10441631659108,112.30893997235488,89.0640703768004,30.014090132772036,0.3373230496258293,0.000253218639629,0.8412193110187823,0.8386793308685154,1.0,128771710.93359376,3.2497174739837646,7.078658103942871,0.366,0.423,0.472,0.348,0.324,0.385,0.0,1,0.003612799999999999,0.472,0.324
38.83927300382585,10.821117920381582,78.85891489840536,12.383400260587022,0.2808329247388357,3.782401730416013e-05,0.8322730923939917,0.9682254146184884,1.0,2855446.83984375,1.1959978342056274,6.5310540199279785,0.336,0.428,0.4,0.373,0.334,0.374,0.0,1,0.0016591999999999993,0.428,0.334
56.19003146559096,29.018070491558397,112.29745614711936,193.07807008292005,0.3742151636363414,0.0001424140313481,0.9574485443882949,0.959022069415885,0.9375,935510722.64,5.0086774826049805,40.24404144287109,0.414,0.378,0.41,0.449,0.311,0.389,0.0,1,0.0027033,0.449,0.311
5.482971566145343,6.639495829616768,121.26218116640946,1124.0215609990655,0.2183714599060439,0.0001858526460313,0.9201779426391512,0.9771931633288986,0.3125,606935107.4399999,3.2854714393615723,32.03784942626953,0.436,0.37,0.418,0.563,0.315,0.412,0.0,1,0.008558299999999996,0.563,0.315
17.48494073742102,6.520927375198156,76.55427944958848,294.7644783154023,0.2546268135173699,8.409081541847641e-05,0.9286702172609816,0.9689518435077696,0.875,61121265.3112245,7.245147228240967,76.6635513305664,0.38,0.53,0.406,0.311,0.308,0.397,0.0,1,0.008219000000000002,0.53,0.308
74.20572990714584,84.50356669859997,85.67728366126545,63.5029008358536,0.3402228775910546,0.0001684928496325,0.8445711716437865,0.840744817984187,1.0,25635567.12109375,3.1436917781829834,7.931618690490723,0.35,0.414,0.465,0.368,0.323,0.381,0.0,1,0.003148500000000001,0.465,0.323
85.54155547136642,190.4337859737006,76.6701668595679,46.23635668316802,0.2569623345593536,0.0001169070979375,0.8494922477037826,0.9724471515693284,1.0,1616416.05859375,4.217148780822754,6.139637470245361,0.335,0.425,0.395,0.373,0.309,0.367,0.0,1,0.0021428,0.425,0.309
11.940460038501731,2.863225462184135,82.94892306455763,163.48951252381627,0.2696931092664051,7.931297275834237e-05,0.9602823714962722,0.9580038798943372,0.875,25315002.16836735,4.931293487548828,25.60594749450684,0.362,0.323,0.41,0.318,0.33,0.347,0.0,1,0.0014717999999999988,0.41,0.318
29.872478388079365,72.30695007998239,79.00410085519546,239.43749270716503,0.2875309856149087,0.0003025650463939,0.9365530952271526,0.970136012188755,0.75,788839627.0,6.681972503662109,73.49697875976562,0.342,0.525,0.416,0.418,0.321,0.406,0.0,1,0.0064283,0.525,0.321
159.1174743057482,345.3999229442827,92.25281233924898,3721.9000340135335,0.3507743445821016,4.340506674203633e-05,0.8889028767450632,0.9575514234996886,0.5,5469444353.484375,4.2172040939331055,13.76931381225586,0.463,0.658,0.349,0.779,0.555,0.56,0.667,1,0.027879200000000007,0.779,0.349
234.6377910687454,82.24301738398735,98.18134860468108,17.57873616526671,0.3109984317987012,7.862378068851211e-06,0.9890546962021124,0.9524655373734924,0.9375,303921401.43999994,4.292867183685303,10.581604957580566,0.473,0.408,0.424,0.316,0.379,0.407,0.0,0,0.003366499999999999,0.473,0.316
173.13431350616287,64.60973739917816,108.62061924511318,4151.194118202937,0.3572933296032883,9.78156466919438e-06,0.8876338180721246,0.9564725900310738,0.4375,899095249.7142857,5.541186809539795,47.37974166870117,0.495,0.712,0.346,0.577,0.559,0.552,0.333,1,0.0177377,0.712,0.346
99.5344943511138,127.66613399688364,94.75882931455764,390.4957810249017,0.2906327853810869,0.0001905463428902,0.996370338429784,0.948888246294706,0.75,62195907.6875,3.526683568954468,15.793399810791016,0.299,0.332,0.424,0.336,0.835,0.439,0.333,1,0.04962669999999999,0.835,0.299
54.33322088188068,2.646962184595205,68.05467438271604,384.6256384452189,0.2501022647856673,7.108589532799984e-06,0.9065828375174728,0.8574978707196395,0.9375,2855828.8,2.7425742149353027,1.516803503036499,0.38,0.4,0.425,0.347,0.341,0.379,0.0,1,0.0012563,0.425,0.341
14.489805674312016,131.90322143459025,126.7991628407922,1844.36854400151,0.2231184203303807,0.0001784774235256,0.9642215464282802,0.9444364186749932,1.0,196868735.734375,3.5775904655456543,21.032794952392575,0.419,0.473,0.385,0.336,0.307,0.392,0.0,1,0.004344999999999998,0.473,0.307
1.4422636637666464,0.0084484326598961,52.516730677726336,19.79049663240901,0.2887524447797004,1.2826791993354624e-05,0.6500296015245045,0.9900449842221708,0.0,0.0,0.0,0.0,0.364,0.458,0.612,0.619,0.354,0.461,0.667,1,0.0166378,0.619,0.354
26.444050739751983,18.815638098613867,89.1224815457819,1020.6307556225836,0.2410834008637575,0.0001246924732545,0.8109150097831541,0.898105525482845,1.0,285989153.4375,5.211196422576904,30.85955619812012,0.383,0.35,0.368,0.339,0.307,0.351,0.0,0,0.0008453,0.383,0.307
31.125533707260367,2.398119443795431,101.95653870884776,2410.899085887278,0.2512603543611015,2.92677918372239e-05,0.8011771549491801,0.9440492235483255,1.0,9552082.359375,7.942608833312988,44.12248992919922,0.389,0.603,0.375,0.371,0.587,0.477,0.333,1,0.014159999999999996,0.603,0.371
13.097597369614297,51.79127683345067,101.24643505658436,1068.5015587516789,0.2336709500262253,0.0015127547147717,0.8723194212417567,0.8656290778915927,1.0,249327332.77734372,6.985762596130371,85.23728942871094,0.636,0.595,0.388,0.332,0.319,0.48,0.333,1,0.0226175,0.636,0.319
31.52249476340738,0.8576920788466831,70.74150868055557,81.20310200921628,0.2676546280128203,4.485347372098212e-06,0.8919889877450422,0.991984143682803,0.5625,56650937.95061728,2.01297378540039,5.436518669128418,0.371,0.423,0.428,0.418,0.321,0.39,0.0,1,0.002103699999999999,0.428,0.321
208.4645201787415,106.28260414607216,96.48974913194446,34.14894034414053,0.3073394658624995,1.2475417716861933e-05,0.967044048734102,0.957838169569204,0.6875,314313756.429752,2.094407558441162,4.413717746734619,0.445,0.435,0.416,0.345,0.384,0.411,0.0,1,0.0016655000000000007,0.445,0.345
209.32466380448665,4688.340067828203,120.50902424125518,91.59357871238517,0.2622422651952807,0.0002070377987638,0.9799047052026086,0.9299267497125748,1.0,268198785.484375,10.708985328674316,64.48717498779297,0.432,0.508,0.37,0.335,0.442,0.429,0.0,1,0.0045157999999999995,0.508,0.335
1.529124618094659,0.0075445025533524,54.112754758230444,29.704127177596696,0.2903360050842302,1.1144803209394332e-05,0.6504037756297224,0.990109900100334,0.0625,0.0,0.2858181595802307,0.3302250206470489,0.365,0.455,0.612,0.607,0.356,0.459,0.667,1,0.0156935,0.612,0.356
84.35393759836332,37.06596627200193,81.54326089891974,398.6449259803495,0.2929700752969094,7.2903377959787e-05,0.8630381812692218,0.9527688196557876,0.9375,1101374.888888889,4.164836406707764,9.302084922790527,0.305,0.361,0.341,0.347,0.307,0.331,0.0,0,0.0006251999999999999,0.361,0.305
17.227892152787156,1.7718586645083938,61.236096032664605,87.74779791136248,0.3826247381139577,6.519949479651303e-05,0.8457379886687844,0.8765589074345539,1.0,548721806.4375,2.5149118900299072,18.195953369140625,0.477,0.364,0.385,0.39,0.318,0.39,0.0,1,0.003350699999999999,0.477,0.318
1.4679940059057772,0.0065338493167461,52.32499347350822,20.486770765427188,0.2889102795301255,2.268012846169169e-05,0.6493672436322838,0.9900059705671136,0.0625,0.0,0.199525848031044,0.1318017393350601,0.361,0.458,0.613,0.607,0.357,0.459,0.667,1,0.015897199999999997,0.613,0.357
218.3154018622836,783.2896098381235,124.39254845036008,30.725368758000467,0.249185996923562,0.0002956120708536,1.0186362047294908,0.9258656786609692,1.0,203178826.609375,7.160050868988037,67.72220611572266,0.484,0.531,0.399,0.334,0.384,0.441,0.0,1,0.0063363,0.531,0.334
223.32316335981324,7134.406932614369,119.4675072337963,61.17744496135607,0.2601399854757085,0.0004465837552166,1.0096047811470878,0.934775661692304,1.0,120736056.24609376,10.367987632751465,86.65290832519531,0.517,0.599,0.407,0.35,0.438,0.48,0.0,0,0.0094847,0.599,0.35
42.30151362423892,2.783787151439285,74.36015364583334,24.6564610009049,0.277008228660289,1.4004130567116907e-05,0.8461236559342941,0.9679111101320546,1.0,5292443.02734375,4.090020179748535,17.86118507385254,0.346,0.375,0.388,0.372,0.347,0.364,0.0,1,0.00034030000000000063,0.388,0.346
424.8147365168285,353.07024778315633,94.14629896476336,16.804967334228483,0.3204705212005075,4.167144312160285e-05,1.1710791563115073,0.92459636211465,1.0,733126.359375,6.749953269958496,10.267398834228516,0.567,0.41,0.524,0.373,0.343,0.447,0.0,0,0.009481299999999996,0.567,0.343
8.800978831409779,1.9888044923511112,77.51463438786007,31.968886315123942,0.2565571266003156,7.228457769874076e-05,1.0463483037377217,0.9600233175575918,0.9375,141392703.83999997,1.4493335485458374,9.998774528503418,0.387,0.409,0.494,0.32,0.341,0.389,0.0,0,0.004621699999999999,0.494,0.32
18.8814989152672,101.20307522390844,126.59919910622428,2814.52403659261,0.2365913492099141,0.0001152244158543,1.0341921242312817,0.957934767116592,0.9375,98207163.5288889,3.5950944423675537,19.639856338500977,0.399,0.586,0.478,0.328,0.307,0.429,0.0,1,0.013148299999999995,0.586,0.307
83.95159984940165,466.64565133410633,78.4952979359568,239.97220081616476,0.3966995112349765,0.0007119529786824,0.7806121620993259,0.7658243300292316,1.0,23957588.359375,7.027547359466553,52.80454254150391,0.596,0.431,0.644,0.368,0.328,0.474,0.333,1,0.0195458,0.644,0.328
459.1491991115604,121.23250718932223,102.5792409979424,19.46684185349289,0.3266200052744133,1.4152254202056051e-05,1.1512437524706396,0.9248698754148528,1.0,1882818.62109375,7.987478733062744,42.45964431762695,0.591,0.414,0.51,0.373,0.37,0.458,0.0,1,0.009273299999999998,0.591,0.37
88.36703862039234,429.740370830669,84.00507169495886,598.0943299579604,0.3962350388605511,0.0007674955572142,0.7929352359591992,0.7696221548866501,1.0,33552519.24609375,8.063053131103516,66.91653442382812,0.611,0.459,0.629,0.366,0.331,0.483,0.667,1,0.018749199999999997,0.629,0.331
64.36190164068483,30.59515746152169,79.18957182355966,2201.8561624768163,0.2676594589831352,2.2201267368663728e-05,0.908759782391256,0.8486823130552994,1.0,688665.99609375,4.566432476043701,9.760091781616213,0.341,0.569,0.446,0.373,0.337,0.418,0.0,1,0.009496199999999995,0.569,0.337
141.96832461624916,92.5433969967429,83.93686001800411,84.55650502380166,0.4000473729845857,8.083041185773329e-05,0.9441628697578016,0.9600265680638088,1.0,11358932.96484375,3.0529489517211914,9.017824172973633,0.508,0.406,0.4,0.371,0.31,0.406,0.0,1,0.005159,0.508,0.31
17.92346374315322,2.120109255188157,64.50662647890947,154.00534548351476,0.3848108146354656,5.4056973356133634e-05,0.8330223191655316,0.871889914512622,1.0,953769616.3710938,2.535316467285156,21.52300071716309,0.483,0.341,0.406,0.478,0.32,0.402,0.0,1,0.005683299999999997,0.483,0.32
101.03676259373864,77.39452470970018,101.00869495884773,498.9129085080045,0.2897440639484482,7.115135985361019e-05,0.999106086296268,0.9445891109719522,1.0,11408889.40234375,4.473849773406982,24.845123291015625,0.314,0.281,0.417,0.371,0.829,0.433,0.333,1,0.04943479999999999,0.829,0.281
101.3338503642638,72.4594638315242,82.46874594907408,412.6228968625854,0.2686551404289369,4.342821176366552e-05,0.8494755123368751,0.9728252697515528,1.0,1474458724.5,4.64929723739624,8.500884056091309,0.349,0.363,0.396,0.578,0.308,0.386,0.0,1,0.011031699999999997,0.578,0.308
38.64367957232113,58.46948991016861,109.61196228780864,800.1722976525705,0.2384238720680375,0.0001676560710682,0.8572738158992568,0.9772443325221672,0.8125,3970459.5147929,3.9125568866729736,12.305741310119627,0.372,0.356,0.4,0.324,0.313,0.353,0.0,1,0.0012550000000000005,0.4,0.313
1.4665761525313712,0.0065297621706142,52.3280641718107,19.554685678012365,0.2887290269692264,2.048987325588353e-05,0.6494607623831736,0.9899970225014948,0.0,0.0,0.0,0.0,0.362,0.458,0.613,0.619,0.356,0.461,0.667,1,0.016695300000000003,0.619,0.356
46.07013435140777,11.267907033469612,77.85264763374485,24.839984962535254,0.2603185110689281,6.307095062124656e-05,0.8241871451316367,0.965453925780474,0.6875,2442626.2314049583,4.147430419921875,8.399872779846191,0.354,0.417,0.401,0.374,0.333,0.376,0.0,1,0.0011606999999999998,0.417,0.333
13.017177732313082,0.916131892041227,63.294946791409465,240.55108609458017,0.2467892651054749,8.23500668340987e-06,0.8546185508558832,0.943735618626726,1.0,21431450.734375,4.119208812713623,11.12131404876709,0.417,0.374,0.329,0.369,0.339,0.37,0.0,1,0.0011927999999999989,0.417,0.329
54.20505587108369,10.299198567696976,96.21818097350824,3710.5908270595055,0.2477324182514292,1.4178620350357326e-05,0.9077770102202736,0.866041219063759,0.875,13675907.836734695,2.5914714336395264,3.424688577651977,0.382,0.706,0.407,0.321,0.337,0.448,0.333,1,0.024884299999999995,0.706,0.321
11.491395984233812,0.473494780842633,72.00145103523663,585.5418522816385,0.2445417936495847,2.739358347003974e-05,0.8535041812427608,0.9437524345199636,1.0,18347115.25,3.6589393615722656,10.963822364807127,0.417,0.335,0.33,0.369,0.34,0.361,0.0,1,0.0013096999999999987,0.417,0.33
60.28031993923375,18.242947585981163,107.83611603009258,10.095599245348629,0.2528355696454958,3.351016456516895e-05,0.9626434547959092,0.9676030886838536,1.0,23050922.25,2.616752862930298,33.516578674316406,0.363,0.375,0.433,0.368,0.358,0.376,0.0,0,0.0009373000000000003,0.433,0.358
13.295159278029828,26.807848741272757,120.04625401877574,1179.0180435160698,0.2326202720285134,0.0004021081036606,0.7644402227551033,0.8539832021550884,0.875,4515986.515306122,6.114344596862793,31.49424362182617,0.469,0.376,0.507,0.323,0.318,0.399,0.0,1,0.007357299999999999,0.507,0.318
37.01127942179116,11.998993242487597,83.66254890046295,42.01512462126098,0.2665671359000968,2.524319648449285e-05,1.0604069834386145,0.9480959204614878,1.0,5270889.71484375,5.699355602264404,29.055078506469727,0.362,0.352,0.481,0.372,0.338,0.374,0.0,1,0.003282999999999999,0.481,0.338
1.7310580612014588,0.024229368437438,57.21260596707819,32.71381070775969,0.2757079956230363,8.998073441044347e-05,0.6122726310385382,0.9596611064910175,0.0,0.0,0.0,0.0,0.359,0.456,0.574,0.619,0.347,0.452,0.333,1,0.015164500000000001,0.619,0.347
1.6846623008189343,0.0074481138528442,55.63120791538066,13.511425525900824,0.2731239206801018,5.213118110952297e-05,0.6101191394619728,0.9602093044583228,0.0,0.0,0.0,0.0,0.374,0.459,0.577,0.619,0.347,0.457,0.333,1,0.014495199999999996,0.619,0.347
68.76439798608149,4.134266810769022,85.48083281893004,2086.1072926198426,0.2664221182493379,1.2180670474535136e-05,0.8770652968132753,0.8706741385635772,0.9375,638649.0488888888,6.426993370056152,12.483556747436523,0.342,0.542,0.374,0.347,0.337,0.397,0.0,1,0.007577300000000003,0.542,0.337
477.9937836642444,181.7130270846081,98.66676372813784,26.65999619989162,0.3283937593881456,1.74259319348161e-05,1.169332808464402,0.9094096422297416,1.0,4747130.93359375,1.8423011302948,1.217896819114685,0.596,0.451,0.539,0.372,0.397,0.478,0.0,0,0.0089815,0.596,0.372
10.663400771402356,2.0478725495491545,82.33717171424898,382.0566344222792,0.2681308305541079,7.490121763000346e-05,0.930353753374247,0.9613865644153348,1.0,11947042.83984375,2.848998546600342,10.096102714538574,0.367,0.359,0.391,0.371,0.34,0.364,0.0,1,0.0003437999999999999,0.391,0.34
1.627499095098312,0.0110142854394693,55.89643319187243,13.293075481840685,0.2747140634165623,3.31529448260232e-05,0.6138949219636518,0.9616420183294994,0.0625,0.0,0.8668387532234192,3.6544010639190674,0.377,0.442,0.578,0.607,0.348,0.452,0.333,1,0.013687299999999998,0.607,0.348
64.64118399984667,7.595160872045771,83.3715674832819,2218.469958585867,0.2694667894846758,7.4659916954942685e-06,0.9063749051905312,0.8487695517636269,0.9375,3084303.6888888893,5.024560451507568,10.43646240234375,0.342,0.568,0.444,0.347,0.334,0.413,0.0,1,0.010110999999999995,0.568,0.334
11.752526346667125,1.074848356782986,95.9732679398148,1645.707472309726,0.2668398528771627,3.1905310151563496e-05,0.948771915208498,0.959805956959372,1.0,5119176.484375,5.897697925567627,32.366676330566406,0.38,0.45,0.404,0.372,0.33,0.39,0.0,1,0.0019452000000000002,0.45,0.33
78.24656659733915,401.3511564147706,87.82761127186215,21.95290862292069,0.3435479578758442,0.0004935712576034,0.8420717587038689,0.8401881722481462,1.0,275035110.0585937,3.0762221813201904,8.47185230255127,0.453,0.418,0.468,0.337,0.321,0.403,0.0,1,0.0044913,0.468,0.321
13.04319451287233,51.40790495957332,101.15010313786009,1070.0982099331254,0.2334788125070896,0.0015046174855075,0.8719870903006894,0.8658248336461238,1.0,239722730.21484372,7.381730079650879,89.45757293701172,0.636,0.608,0.388,0.33,0.319,0.483,0.667,1,0.023693199999999998,0.636,0.319
30.109240236658632,73.72523316831673,78.25650115740741,242.74120352642535,0.2879473550365911,0.0002972461554126,0.9369780544899364,0.9700443197731534,0.625,998816493.36,6.5047454833984375,67.4396743774414,0.339,0.499,0.416,0.517,0.32,0.414,0.0,0,0.0080527,0.517,0.32
12.497859189210669,45.43925606646282,101.0542545653292,1110.196986643606,0.2308232694645141,0.0015038982035008,0.8721456834554322,0.8660463890886645,0.9375,103739183.31555556,6.39313554763794,78.90180206298828,0.641,0.579,0.388,0.327,0.319,0.476,0.333,1,0.0223132,0.641,0.319
176.73701162630675,762.7143197766057,75.58140644290123,597.9836999487305,0.4029871775068245,0.0002044225121725,0.8027355981125277,0.8479644516740877,1.0,17785728.90234375,7.27703857421875,52.890846252441406,0.533,0.394,0.485,0.37,0.312,0.422,0.0,1,0.0079567,0.533,0.312
2.8512518362662607,0.0403185023909406,66.16643875385803,13.418418318733854,0.2731679610538136,2.7546983739857525e-05,0.5972356067073189,0.9506359573105811,0.3125,182309842.8,0.9321097135543824,1.6149094104766846,0.38,0.451,0.566,0.499,0.339,0.435,0.0,1,0.008258499999999995,0.566,0.339
9.991500710275163,0.3130333292940359,79.19283822016463,58.63685856329976,0.2556530980371141,1.3352791595927529e-05,0.9637203885569816,0.9569505923199696,1.0,5587943.484375,4.509737968444824,26.78175163269043,0.404,0.341,0.411,0.372,0.339,0.371,0.0,1,0.0011462999999999992,0.411,0.339
233.6254956057154,36.38760175635365,96.36970707947532,23.3077907746884,0.3110498736205183,1.1876796358394457e-05,0.9791032616409971,0.9552785846594778,0.625,1336023371.7600002,2.6738476753234863,4.428667068481445,0.471,0.437,0.421,0.583,0.377,0.453,0.0,0,0.0060411999999999974,0.583,0.377
45.70635985088946,5.8330933338853175,78.3595435313786,15.479404571591305,0.2600161629902991,2.3622711191227293e-05,0.8286682577445802,0.9650256169048884,1.0,9423460.359375,2.8448994159698486,3.273930788040161,0.366,0.443,0.396,0.371,0.333,0.384,0.0,1,0.0016736999999999998,0.443,0.333
13.37668010159712,0.6103339075667229,60.36406577932098,60.72912874518422,0.2442664460571826,3.006780185261968e-06,0.852835600974748,0.9436423078728312,1.0,153676.984375,2.927412986755371,6.411588191986084,0.423,0.422,0.33,0.373,0.343,0.385,0.0,1,0.0018786999999999986,0.423,0.33
134.5533282644756,434.56491835619465,83.86492650462964,182.14493339865624,0.3896570114148794,0.0001298191439802,0.9470368502515246,0.959882579375179,0.9375,11651176.995555555,7.9662041664123535,67.08231353759766,0.476,0.506,0.402,0.345,0.317,0.421,0.0,1,0.006626700000000001,0.506,0.317
11.1401604458299,0.5655132159287287,77.07013059413579,33.483115037765025,0.2612315592840951,2.3699847704356263e-05,0.9448934889337602,0.9603131323738248,1.0,12167414.484375,4.515712261199951,32.22742462158203,0.392,0.366,0.401,0.371,0.341,0.373,0.0,1,0.0005537000000000001,0.401,0.341
40.602862114765045,141.5843028843396,125.5930402199074,1774.68396606903,0.2429729725208382,0.0002545620782238,0.9231202843826242,0.8869911964899759,0.9375,1910487.1822222224,4.857293128967285,14.27759075164795,0.386,0.492,0.373,0.347,0.31,0.39,0.0,1,0.0046513,0.492,0.31
146.86526140414188,48.43126214978206,114.3207366255144,2335.5922391109298,0.346183380131681,7.672682765650202e-06,0.8863772214658578,0.9577051032335356,0.8125,2777020203.609467,5.012229919433594,32.417781829833984,0.455,0.542,0.347,0.631,0.554,0.507,0.333,1,0.011776700000000005,0.631,0.347
1.6640966181506656,0.0078253068252009,55.28821305941359,13.534872029666449,0.2728530365784893,5.057586319556446e-05,0.6099306363457171,0.9603652339914506,0.0,0.0,0.0,0.0,0.374,0.459,0.578,0.619,0.35,0.458,0.333,0,0.0143555,0.619,0.35
3.0769746435722114,0.0301667204182925,64.02581288580248,12.95766844141042,0.2779838868170276,1.027595759218965e-05,0.5972839304405345,0.9508807666865232,0.375,174433125.55555555,0.8257928490638733,2.1916592121124268,0.378,0.449,0.566,0.476,0.339,0.431,0.0,1,0.007821299999999995,0.566,0.339
13.109591576725162,0.6864103374505321,92.55373456790124,1558.1800149488274,0.2381919385325514,1.186637780963476e-05,0.9255354335110386,0.9734390745822884,1.0,7700007.02734375,8.71911907196045,72.27605438232422,0.43,0.621,0.414,0.372,0.307,0.442,0.333,1,0.0138057,0.621,0.307
14.577420570926698,131.14547824266714,126.79854931841564,1846.0106763195536,0.2239817138562315,0.0001974299942471,0.9640985645842208,0.9444012563905992,1.0,155801551.609375,3.806468725204468,26.896697998046875,0.422,0.458,0.385,0.343,0.307,0.391,0.0,1,0.0036314999999999997,0.458,0.307
74.63068858498241,97.62860411705202,90.97884805812758,57.28720110412598,0.3444737260830417,0.0001618979557886,0.842090273391531,0.8400720884146076,1.0,236980353.0,2.3747053146362305,5.471465110778809,0.355,0.426,0.468,0.33,0.323,0.38,0.0,1,0.004058300000000001,0.468,0.323
1.5145783869223994,0.0095928588653642,52.28060005144032,30.458178806093432,0.2890423098209441,2.2540826537981545e-05,0.6499453233659287,0.9900607741633022,0.75,944160.0,0.4052183926105499,1.007590889930725,0.361,0.452,0.612,0.349,0.357,0.419,0.333,1,0.012546700000000001,0.612,0.349
23.844643345794523,17.085501010203316,75.4930262024177,1377.7948263026358,0.2865762198850645,0.0001640457661085,0.7966814881182034,0.8297054426371195,1.0,9946429.5,4.609485149383545,21.362646102905277,0.31,0.402,0.529,0.371,0.316,0.376,0.0,1,0.007901300000000002,0.529,0.31
30.85606494403619,8.784466534788809,79.34322125771605,25.60791687876608,0.2568167858001915,2.501017716106312e-05,1.0599945560493609,0.9476600706927556,1.0,1388101874.7773438,3.933212757110596,15.973627090454102,0.382,0.383,0.48,0.564,0.341,0.416,0.0,1,0.008222499999999994,0.564,0.341
64.15695872052392,29.96017358832441,79.1255697337963,2197.957818433777,0.2668666759270466,2.1475996778553865e-05,0.9085471437064464,0.8486946599108509,1.0,1049068.359375,4.42693567276001,9.551074028015137,0.342,0.57,0.446,0.373,0.339,0.419,0.0,0,0.009462499999999993,0.57,0.339
20.722470915287392,161.0864399466881,117.80486220421813,1203.8381425411208,0.2627568907860503,0.0010995619304286,0.9122720348877358,0.8699229091499088,1.0,802002331.9375,7.816232204437256,100.6055145263672,0.564,0.657,0.402,0.445,0.337,0.5,0.333,1,0.0165345,0.657,0.337
13.724865825080215,0.3044626861334248,66.14066280864199,122.55112200559309,0.2461167913576627,6.17663089425012e-06,0.8539508467532908,0.9435997784308504,1.0,640921.734375,3.2673492431640625,7.837730884552002,0.419,0.406,0.329,0.373,0.344,0.38,0.0,0,0.0014937000000000004,0.419,0.329
27.26607250138517,20.74012105714192,82.44458677340536,19.41879487966195,0.2488011265592413,7.187394220546374e-05,1.05892109575219,0.9484446130917048,1.0,4607259.49609375,6.827489852905273,28.634174346923828,0.384,0.354,0.481,0.372,0.335,0.379,0.0,1,0.0032116999999999988,0.481,0.335
30.207459960708853,4.754064593433285,84.40580815972223,314.4509475988894,0.2542498195500749,3.8653978338234384e-05,0.8085584147127922,0.8952887744353313,1.0,382985272.984375,3.567295551300049,11.096586227416992,0.383,0.364,0.376,0.357,0.307,0.358,0.0,1,0.0008963000000000002,0.383,0.307
78.25217152199895,394.8615626203479,87.74087573945475,20.89084320852041,0.3437173522585002,0.0004815060510929,0.8420698690131512,0.8401380093604336,1.0,161973522.05859375,2.903228521347046,10.39841079711914,0.45,0.409,0.468,0.342,0.32,0.4,0.0,1,0.004236200000000001,0.468,0.32
257.9001128883848,57.079285951499486,96.09224353780864,69.29797561172819,0.3169321927904813,1.433670539722636e-05,0.9820418215936292,0.9526135258652167,0.6875,222936398.7768595,2.973670244216919,6.534299850463867,0.497,0.42,0.418,0.332,0.329,0.408,0.0,0,0.004948699999999999,0.497,0.329
23.450908559849243,23.382870796717903,92.07808712705764,3106.6810884374195,0.2845150664147484,0.0003198103046176,0.7998710335943235,0.8343951120946536,1.0,19423826.109375,5.432705402374268,23.960529327392575,0.356,0.588,0.516,0.369,0.316,0.432,0.0,1,0.013636999999999998,0.588,0.316
2.7558054487749493,0.0639058087597099,65.30829365997941,10.684514102960218,0.2698363704773924,4.0049707326925386e-05,0.5953446504798556,0.9481891731652112,1.0,227261988.984375,1.223860502243042,6.604327201843262,0.381,0.428,0.562,0.33,0.338,0.404,0.0,1,0.008957200000000002,0.562,0.33
2.709455442788648,0.0664958936867657,65.25560317001029,17.51930852266647,0.272839124258418,4.521756805210945e-05,0.5954490005084313,0.9495624966282186,0.6875,470112772.9917355,0.4855517148971557,0.6855477094650269,0.375,0.455,0.565,0.375,0.339,0.416,0.0,1,0.008211199999999995,0.565,0.339
14.58951166880241,47.87477961171415,126.6051584040638,2016.129563821602,0.2238270463136102,0.0001255104112595,0.958359944656907,0.9515865203607798,1.0,347605374.984375,4.538925647735596,27.168418884277344,0.421,0.482,0.394,0.35,0.309,0.399,0.0,1,0.0043987,0.482,0.309
92.03407767504424,828.6114033637924,82.32144913837448,1131.1122522110163,0.4070744606007457,0.0017013323454519,0.7472554359980592,0.8258610050006022,0.75,446074652.25,5.525781154632568,33.90702438354492,0.696,0.379,0.582,0.345,0.319,0.472,0.333,1,0.027539699999999993,0.696,0.319
3.0794227418240494,0.0262892426014924,63.99735423096707,14.343076790385096,0.2774103514821448,1.0876787841675582e-05,0.596613542958226,0.9509486041545884,0.375,333107330.0,0.7610352039337158,1.5879377126693726,0.378,0.451,0.567,0.484,0.339,0.433,0.0,1,0.008039699999999995,0.567,0.339
27.712428331278023,21.47383549185349,82.5162332175926,22.64352441262533,0.2493037313019371,6.688068188564986e-05,1.0592356522139983,0.9485130966510592,1.0,10254078.30859375,6.441187381744385,30.52071952819824,0.384,0.361,0.481,0.371,0.336,0.381,0.0,1,0.0030942999999999986,0.481,0.336
12.172889793932864,1.5685714585830723,79.63087374614197,170.768031724048,0.2650285344125605,5.46975050037282e-05,0.9449763050414366,0.9609887609370928,1.0,33472971.4375,4.2132248878479,24.84033966064453,0.376,0.325,0.403,0.366,0.339,0.358,0.0,0,0.0009477,0.403,0.325
21.159661570841568,9.868175119011706,86.17942338605965,2207.7187166998237,0.2787377475208544,0.0001384838718431,0.7972532460211095,0.8259433937519695,1.0,8151025.24609375,4.846264839172363,44.2685432434082,0.326,0.58,0.536,0.371,0.314,0.426,0.0,1,0.0153458,0.58,0.314
227.61709323621116,55.94507448683595,95.32660448816873,17.380048772793387,0.3074861776334772,1.1299824750328396e-05,0.9824617017598526,0.9536409384530848,0.75,245628183.1875,1.4856442213058472,1.946577548980713,0.461,0.449,0.421,0.307,0.373,0.411,0.0,0,0.003979200000000001,0.461,0.307
209.43131793982465,1530.2758210292477,124.32382098765432,43.60786622918465,0.2468596299966372,0.0003047512663017,1.0264134598005503,0.922670989701892,0.9375,332556819.9555553,7.702840328216553,66.70709228515625,0.483,0.525,0.4,0.321,0.391,0.438,0.0,0,0.006489,0.525,0.321
3.21489595124376,0.0755570572127724,70.0576980774177,32.42348701205448,0.2842633685513427,3.697964772730356e-05,0.5967408545433317,0.9493366570530172,0.375,1567302.888888889,1.3341537714004517,4.785524845123291,0.361,0.433,0.564,0.509,0.328,0.425,0.0,1,0.009741499999999997,0.564,0.328
14.788528713056513,138.69799818820465,126.78084841177984,1847.5028000307404,0.223193514326793,0.000183678398974,0.9643073873315104,0.9441740187796424,1.0,602231225.9335938,4.330007553100586,38.10932540893555,0.42,0.505,0.384,0.402,0.308,0.411,0.0,0,0.0050192,0.505,0.308
42.16997050539816,1.0061788055031369,76.97619907407406,21.41660296954521,0.2747636959422253,1.1029018699167535e-05,0.8468208541228702,0.9678839302496424,0.75,9151659.13888889,3.8994836807250977,13.56685733795166,0.35,0.394,0.387,0.347,0.346,0.365,0.0,1,0.000558700000000001,0.394,0.346
51.63361111277308,0.37824850619438,70.37999144804527,402.3726953445927,0.2450348684952361,4.735212044904829e-06,0.9067132614036716,0.8581983127181605,1.0,85812.62109375,2.067007303237915,1.224828600883484,0.391,0.399,0.423,0.373,0.343,0.385,0.0,1,0.0008951999999999994,0.423,0.343
468.5735285539333,133.8921301582403,101.49394222608024,12.163846222532335,0.3287697420929237,1.124805323586014e-05,1.1513478306813756,0.9241360158336744,1.0,24399961.46484375,5.4743266105651855,31.510459899902344,0.597,0.366,0.509,0.368,0.348,0.442,0.0,1,0.0121263,0.597,0.348
53.51594381473648,34.64387423784855,92.97118219521604,2484.742118894884,0.2491437183859298,8.587352383373452e-05,0.9065716077418926,0.8603826112699997,0.9375,12956370.328888891,2.42527174949646,3.061919927597046,0.359,0.632,0.418,0.345,0.338,0.43,0.333,1,0.015251300000000002,0.632,0.338
9.961693617184173,42.90386572101521,108.910606095679,567.1626839778475,0.2364849967356096,0.0009824182330246,1.0171578564329995,0.8367558110889874,0.9375,684281808.1955554,7.610893249511719,94.9990692138672,0.602,0.555,0.568,0.394,0.319,0.497,0.333,0,0.015320299999999999,0.602,0.319
55.19808340427121,113.96222692018176,81.90113734567902,723.8101149390028,0.3586727200725346,0.0004053451292021,0.7062950032397324,0.8288832236299427,1.0,27531772.43359375,4.718885898590088,36.31956100463867,0.458,0.332,0.614,0.368,0.315,0.408,0.333,1,0.015129799999999999,0.614,0.315
10.677199952832176,1.5527518343494189,78.81877980324073,74.89573403850905,0.2649672657437768,5.888686970738436e-05,0.9646814540764652,0.9570027152416934,1.0,41364996.05859375,5.249610424041748,33.61152648925781,0.376,0.366,0.412,0.365,0.336,0.369,0.0,1,0.0007479999999999992,0.412,0.336
1.5270752544317316,0.0482358863962276,58.12928160365227,18.132185642904226,0.2711435710042655,4.306409611041658e-05,0.611047030081572,0.9595688059681023,0.0,0.0,0.0,0.0,0.379,0.459,0.575,0.619,0.344,0.457,0.333,1,0.0143422,0.619,0.344
73.8316535454019,83.99557463809626,85.81990547839506,62.94007455500942,0.3408421007003518,0.0001621042882108,0.8455699675647748,0.8389225037042621,1.0,16336299.984375,2.698798418045044,7.066100597381592,0.349,0.418,0.468,0.37,0.323,0.382,0.0,1,0.003335300000000001,0.468,0.323
18.714123322938832,13.401737263367556,74.04036516203703,1040.1212286675277,0.2684170689610545,0.0003071064520675,0.801107722263318,0.8310986347482305,1.0,17925121.234375,5.328295707702637,34.403926849365234,0.379,0.368,0.522,0.37,0.317,0.384,0.0,1,0.005937700000000001,0.522,0.317
5.747956045966911,4.623076328989012,118.23099475951646,1132.8552248813817,0.2199138708084052,0.0002177496595334,0.9146572405467612,0.9778142013890588,0.375,649252474.0,4.135875225067139,33.09182357788086,0.442,0.376,0.414,0.548,0.312,0.411,0.0,0,0.0076228000000000025,0.548,0.312
210.02470338723091,1857.2948794140068,124.2479777520576,42.9313822822173,0.2482182333879276,0.0003504557244799,1.0263196445731573,0.9240614611970674,1.0,430209494.109375,7.171261787414551,61.24307632446289,0.495,0.5,0.403,0.366,0.387,0.442,0.0,1,0.0039496999999999996,0.5,0.366
29.70293083539584,17.34620757568697,106.73889310056585,1821.126533250816,0.2482385054215686,0.0001067488003061,0.8124946694303101,0.9041961358730352,0.875,605560390.7755101,7.046828269958496,46.19095993041992,0.374,0.539,0.354,0.353,0.319,0.398,0.0,1,0.0075347000000000035,0.539,0.319
3.209650302798239,0.0675294809226038,70.02171563143004,25.61751793559976,0.2837991296661666,3.675760982484138e-05,0.5968512300816089,0.9493310961510312,0.375,317088160.0,1.2220380306243896,4.207188606262207,0.362,0.437,0.563,0.481,0.328,0.422,0.0,1,0.008819699999999996,0.563,0.328
16.908002292399004,1.0288175830398016,63.36267582947531,49.87164815992324,0.3796280566207916,4.1200771902982585e-05,0.8414685658564494,0.8753088790127368,0.9375,880654661.1288888,3.210871934890747,26.78856468200684,0.48,0.342,0.391,0.437,0.322,0.394,0.0,0,0.004285299999999999,0.48,0.322
90.77568360040264,405.7959768964296,76.64053488297326,77.08133562325996,0.4012181293374731,0.0005216087227623,0.7829783925436293,0.7637196867131681,1.0,24250051.5,5.631368637084961,31.770984649658203,0.554,0.358,0.644,0.368,0.332,0.446,0.333,1,0.019389200000000006,0.644,0.332
1.731471684362888,0.0263462933980406,57.16077208719136,32.375508170904624,0.2756862461239613,9.828914621098458e-05,0.6120535731411585,0.9598294497214528,0.0,0.0,0.0,0.0,0.357,0.456,0.575,0.619,0.347,0.452,0.333,1,0.0153292,0.619,0.347
67.52091897860885,505.4070144768806,78.93352732767491,26.380184344098197,0.3814190706402943,0.0011231730413007,0.7883145530803489,0.7639961535420274,1.0,49673501.5,8.472013473510742,79.8029556274414,0.633,0.58,0.639,0.363,0.33,0.52,0.667,1,0.022668499999999998,0.639,0.33
40.315154338486025,91.03195258983074,120.9431517811214,441.4441845102148,0.2394380226333156,0.0001340930506812,0.9306263966693856,0.8988497269673175,0.875,1753917.6581632649,4.403525352478027,11.70245361328125,0.373,0.344,0.354,0.323,0.316,0.344,0.0,1,0.0005364999999999997,0.373,0.316
62.95255548749439,168.62540583847914,91.8532945923354,2756.701003259189,0.2698197108470093,0.0001025649635267,1.005309826811026,0.9239504790790874,0.625,8751740.489999998,3.749277591705322,6.900824069976807,0.316,0.638,0.383,0.4,0.307,0.418,0.333,1,0.0180627,0.638,0.307
1.431517436066787,0.0073022542486349,51.6700072659465,17.46973730733189,0.2888282121530481,1.1071104681631786e-05,0.6499188220245028,0.9900724842113876,0.0,0.0,0.0,0.0,0.364,0.459,0.613,0.619,0.356,0.462,0.667,1,0.0165647,0.619,0.356
2.871213045000234,0.0349348842667032,66.5077478780864,12.90444777241786,0.2735865737214147,2.638697097376481e-05,0.597209409683118,0.9506561007519518,0.5,260324458.1875,0.921948790550232,2.2429659366607666,0.379,0.449,0.566,0.418,0.339,0.422,0.0,1,0.007470699999999995,0.566,0.339
82.17311834658565,45.592639959274486,79.09628780864197,376.8615143319456,0.2971934344181574,9.428682392491932e-05,0.8648329784902826,0.9531860874277136,0.8125,5898582.745562131,2.213411569595337,4.48991584777832,0.303,0.386,0.341,0.324,0.315,0.335,0.0,1,0.0010437000000000005,0.386,0.303
40.74333051782197,2.738572850582655,77.33847444058642,48.358493463241466,0.2749788430630655,1.0075806235664243e-05,0.8477724730555868,0.9681577480344944,1.0,2814912.9375,4.268745422363281,22.736305236816406,0.351,0.351,0.387,0.373,0.344,0.358,0.0,1,0.0003272000000000006,0.387,0.344
10.49736875700014,1.2632915407675558,83.5679530606996,864.6863935882396,0.2528277678634663,5.71626291551626e-05,0.9474334627535912,0.960715065752368,1.0,10277096.109375,3.965579271316528,24.64005470275879,0.396,0.313,0.404,0.371,0.333,0.36,0.0,0,0.0015583000000000003,0.404,0.313
31.18483625474395,0.8052439875836086,70.85052276234568,145.5049824015029,0.2818102943978548,1.0015271215592709e-05,0.9357592691176666,0.9860066860019354,1.0,4879078.65234375,5.984175682067871,14.11959743499756,0.349,0.374,0.45,0.372,0.308,0.366,0.0,1,0.0026758000000000007,0.45,0.308
21.06364475055347,9.43355309582268,69.71332108410495,137.18141353558212,0.2701818554568833,6.597268966692249e-05,0.9320806957773374,0.9685327897596054,0.5625,30919815.55555556,5.991970062255859,51.26869583129883,0.358,0.438,0.408,0.423,0.312,0.386,0.0,0,0.0027002,0.438,0.312
110.54683923370511,467.5035040513389,90.12982063400206,2583.837639935357,0.4427484838233539,0.0002015506885602,0.7549625081882971,0.8316681403634544,0.875,162767254.65816325,3.3454790115356445,17.941184997558594,0.512,0.573,0.563,0.292,0.313,0.462,0.0,1,0.018868299999999998,0.573,0.292
30.952631234879966,9.251153620717613,79.17820846193416,30.190985505572307,0.2568457837484492,2.775151855422566e-05,1.0598953313575925,0.9476470167423974,1.0,1280937236.7460938,3.919075727462769,16.757843017578125,0.381,0.379,0.48,0.545,0.341,0.412,0.0,1,0.007133200000000001,0.545,0.341
43.14180228297568,63.98946702142614,123.988438593107,1072.4818226857878,0.2409524150886802,0.0001062296534394,0.9202124980478832,0.8785277387703422,0.9375,2526837.7955555557,4.014878749847412,8.716055870056152,0.375,0.412,0.389,0.347,0.311,0.369,0.0,1,0.0015271999999999998,0.412,0.311
8.412270686710901,3.3359529414792,85.2869770769033,119.03060779967224,0.2437896544207291,0.0001012409104463,1.056296831030075,0.962649526224548,1.0,62304025.359375,3.361931085586548,20.644529342651367,0.4,0.349,0.509,0.361,0.326,0.383,0.0,1,0.005218500000000001,0.509,0.326
107.0765048908032,52.90350536215284,101.61418489583336,1924.231248027194,0.2965557453681056,5.122874679285366e-05,1.009293171740668,0.9445580403425576,1.0,24236514.859375,3.6094930171966553,18.98894500732422,0.333,0.492,0.427,0.368,0.832,0.492,0.333,1,0.040117299999999995,0.832,0.333
42.51324478422041,2.2016887291865115,74.9026345807613,142.6343837550632,0.2784203757847017,2.1055258558451556e-05,0.8534370658140271,0.969856879189364,1.0,5741205.484375,3.863914251327514,18.23077964782715,0.342,0.356,0.386,0.372,0.344,0.357,0.0,1,0.00035400000000000015,0.386,0.342
1.4684648056833796,0.0060289021074922,52.3323487332819,19.49419467828278,0.2891016112376107,2.324688014666646e-05,0.6493295714326355,0.9899908822471122,0.0625,0.0,0.425167441368103,0.938015878200531,0.36,0.454,0.613,0.607,0.357,0.458,0.667,1,0.0160017,0.613,0.357
2.7125269740432305,0.0658798286202538,65.37415049511317,16.702805478734696,0.2725481422401276,4.546201683764198e-05,0.5955564532285477,0.9496864718914492,0.875,392440894.2857143,0.5612773895263672,1.161340832710266,0.375,0.453,0.565,0.309,0.339,0.406,0.0,1,0.010581199999999995,0.565,0.309
3.20848692944426,0.0721833173178952,69.82273119212962,27.7114937213804,0.2837875178955754,3.617949824697454e-05,0.5962871981474658,0.9494429137055024,0.4375,132364605.6734694,1.013514280319214,3.2175886631011963,0.362,0.442,0.564,0.458,0.328,0.42,0.0,1,0.008477199999999996,0.564,0.328
171.94020151172862,739.5413470006508,84.64230803112142,686.1222169760741,0.4034494776304365,0.000598277067201,0.8000794413204264,0.846866492578862,1.0,7899989.734375,6.536402225494385,42.074100494384766,0.646,0.353,0.49,0.372,0.32,0.443,0.333,1,0.0178642,0.646,0.32
34.82816096850387,2.747263273902007,94.7086507523148,2180.201912609629,0.2595794989826737,2.12168760977993e-05,0.7837370956549486,0.9447469635590952,1.0,31875214.71484375,7.782542705535889,48.455116271972656,0.376,0.597,0.392,0.367,0.581,0.473,0.0,1,0.013426299999999995,0.597,0.367
209.1439180251631,1902.6423765623829,125.146073591821,32.68732760336829,0.24732079435719,0.0002313603774372,0.9731834898081362,0.9199255382573028,1.0,106270128.80859376,11.064776420593262,84.98776245117188,0.462,0.598,0.352,0.352,0.409,0.452,0.0,1,0.0104378,0.598,0.352
256.1980162828709,248.71879949746443,98.53604870756172,22.600667401712037,0.3190186030266649,5.030651320908407e-05,0.9815580626535853,0.9531857361267556,0.8125,135627208.07100594,2.510241985321045,9.733694076538086,0.489,0.412,0.419,0.298,0.374,0.408,0.0,0,0.0048733,0.489,0.298
1.6902087845687763,0.0114934558878223,55.303595389660494,7.611294569961192,0.270921484231966,2.921904415476429e-05,0.6171889599538173,0.9598545028915156,1.0,51893429.68359375,1.3753513097763062,9.17886734008789,0.383,0.416,0.571,0.363,0.346,0.409,0.0,1,0.008205699999999998,0.571,0.346
